,,s,s,s
Time Step,Wall Time,Step Size,Simulation Time,CPU Time
      1,2021-08-22T13:21:45.042+02:00,   0.521E-01,   0.05213,   0.892E+01
      2,2021-08-22T13:21:45.362+02:00,   0.521E-01,   0.10426,   0.925E+01
      3,2021-08-22T13:21:45.813+02:00,   0.521E-01,   0.15639,   0.970E+01
      4,2021-08-22T13:21:46.169+02:00,   0.521E-01,   0.20851,   0.101E+02
      5,2021-08-22T13:21:46.534+02:00,   0.521E-01,   0.26064,   0.104E+02
      6,2021-08-22T13:21:47.103+02:00,   0.521E-01,   0.31277,   0.110E+02
      7,2021-08-22T13:21:47.489+02:00,   0.521E-01,   0.36490,   0.114E+02
      8,2021-08-22T13:21:47.879+02:00,   0.521E-01,   0.41703,   0.118E+02
      9,2021-08-22T13:21:48.366+02:00,   0.521E-01,   0.46916,   0.122E+02
     10,2021-08-22T13:21:48.781+02:00,   0.521E-01,   0.52129,   0.127E+02
     20,2021-08-22T13:21:53.695+02:00,   0.210E-01,   0.83314,   0.174E+02
     30,2021-08-22T13:21:58.503+02:00,   0.119E-01,   0.98253,   0.222E+02
     40,2021-08-22T13:22:02.860+02:00,   0.932E-02,   1.08250,   0.266E+02
     50,2021-08-22T13:22:06.894+02:00,   0.103E-01,   1.17851,   0.306E+02
     60,2021-08-22T13:22:11.882+02:00,   0.103E-01,   1.28105,   0.355E+02
     70,2021-08-22T13:22:16.038+02:00,   0.103E-01,   1.38359,   0.396E+02
     80,2021-08-22T13:22:20.742+02:00,   0.784E-02,   1.47511,   0.443E+02
     90,2021-08-22T13:22:25.266+02:00,   0.688E-02,   1.54679,   0.489E+02
    100,2021-08-22T13:22:29.549+02:00,   0.688E-02,   1.61560,   0.531E+02
    200,2021-08-22T13:23:12.626+02:00,   0.506E-02,   2.23170,   0.961E+02
    300,2021-08-22T13:23:54.775+02:00,   0.587E-02,   2.80586,   0.138E+03
    400,2021-08-22T13:24:36.614+02:00,   0.611E-02,   3.39209,   0.180E+03
    500,2021-08-22T13:25:18.974+02:00,   0.580E-02,   3.98580,   0.222E+03
    600,2021-08-22T13:26:02.202+02:00,   0.687E-02,   4.65357,   0.265E+03
    700,2021-08-22T13:26:45.364+02:00,   0.692E-02,   5.31980,   0.308E+03
    800,2021-08-22T13:27:25.547+02:00,   0.753E-02,   6.00960,   0.348E+03
    900,2021-08-22T13:28:05.229+02:00,   0.672E-02,   6.73000,   0.387E+03
   1000,2021-08-22T13:28:45.174+02:00,   0.671E-02,   7.41867,   0.427E+03
   1100,2021-08-22T13:29:24.310+02:00,   0.671E-02,   8.09011,   0.466E+03
   1200,2021-08-22T13:30:03.769+02:00,   0.642E-02,   8.73717,   0.505E+03
   1300,2021-08-22T13:30:43.227+02:00,   0.671E-02,   9.37058,   0.544E+03
   1400,2021-08-22T13:31:22.760+02:00,   0.580E-02,  10.01522,   0.584E+03
   1500,2021-08-22T13:32:01.828+02:00,   0.705E-02,  10.67669,   0.623E+03
   1600,2021-08-22T13:32:41.634+02:00,   0.763E-02,  11.34704,   0.662E+03
   1700,2021-08-22T13:33:21.782+02:00,   0.692E-02,  12.00063,   0.702E+03
   1800,2021-08-22T13:34:01.994+02:00,   0.651E-02,  12.62041,   0.742E+03
   1900,2021-08-22T13:34:41.731+02:00,   0.716E-02,  13.29128,   0.782E+03
   2000,2021-08-22T13:35:21.661+02:00,   0.633E-02,  13.95456,   0.822E+03
   2100,2021-08-22T13:36:01.677+02:00,   0.672E-02,  14.61590,   0.861E+03
   2200,2021-08-22T13:36:41.823+02:00,   0.645E-02,  15.25156,   0.901E+03
   2300,2021-08-22T13:37:21.854+02:00,   0.620E-02,  15.88019,   0.941E+03
   2400,2021-08-22T13:38:01.495+02:00,   0.714E-02,  16.54476,   0.981E+03
   2500,2021-08-22T13:38:41.457+02:00,   0.668E-02,  17.22382,   0.102E+04
   2600,2021-08-22T13:39:21.501+02:00,   0.721E-02,  17.91801,   0.106E+04
   2700,2021-08-22T13:40:01.918+02:00,   0.689E-02,  18.63421,   0.110E+04
   2800,2021-08-22T13:40:42.207+02:00,   0.584E-02,  19.28630,   0.114E+04
   2900,2021-08-22T13:41:21.266+02:00,   0.724E-02,  19.92140,   0.118E+04
   3000,2021-08-22T13:42:01.407+02:00,   0.570E-02,  20.55935,   0.122E+04
   3100,2021-08-22T13:42:41.184+02:00,   0.679E-02,  21.20396,   0.126E+04
   3200,2021-08-22T13:43:20.389+02:00,   0.723E-02,  21.86586,   0.130E+04
   3300,2021-08-22T13:43:59.965+02:00,   0.698E-02,  22.54436,   0.134E+04
   3400,2021-08-22T13:44:39.118+02:00,   0.737E-02,  23.22939,   0.138E+04
   3500,2021-08-22T13:45:18.077+02:00,   0.662E-02,  23.90802,   0.141E+04
   3600,2021-08-22T13:45:57.118+02:00,   0.662E-02,  24.57010,   0.145E+04
   3700,2021-08-22T13:46:36.125+02:00,   0.691E-02,  25.24781,   0.149E+04
   3800,2021-08-22T13:47:14.735+02:00,   0.662E-02,  25.91870,   0.153E+04
   3900,2021-08-22T13:47:56.009+02:00,   0.763E-02,  26.60596,   0.157E+04
   4000,2021-08-22T13:48:37.052+02:00,   0.664E-02,  27.30993,   0.161E+04
   4100,2021-08-22T13:49:18.633+02:00,   0.704E-02,  27.96916,   0.165E+04
   4200,2021-08-22T13:50:00.289+02:00,   0.676E-02,  28.59203,   0.170E+04
   4300,2021-08-22T13:50:41.129+02:00,   0.638E-02,  29.26123,   0.174E+04
   4400,2021-08-22T13:51:21.893+02:00,   0.729E-02,  29.94310,   0.178E+04
   4500,2021-08-22T13:52:03.607+02:00,   0.634E-02,  30.61673,   0.182E+04
   4600,2021-08-22T13:52:44.639+02:00,   0.704E-02,  31.24613,   0.186E+04
   4700,2021-08-22T13:53:25.059+02:00,   0.732E-02,  31.90981,   0.190E+04
   4800,2021-08-22T13:54:05.870+02:00,   0.693E-02,  32.57228,   0.194E+04
   4900,2021-08-22T13:54:46.701+02:00,   0.666E-02,  33.25248,   0.198E+04
   5000,2021-08-22T13:55:27.708+02:00,   0.706E-02,  33.94447,   0.202E+04
   5100,2021-08-22T13:56:08.858+02:00,   0.611E-02,  34.58745,   0.206E+04
   5200,2021-08-22T13:56:49.605+02:00,   0.714E-02,  35.25648,   0.210E+04
   5300,2021-08-22T13:57:30.286+02:00,   0.630E-02,  35.92096,   0.214E+04
   5400,2021-08-22T13:58:11.990+02:00,   0.692E-02,  36.60208,   0.218E+04
   5500,2021-08-22T13:58:52.283+02:00,   0.647E-02,  37.25929,   0.222E+04
   5600,2021-08-22T13:59:31.466+02:00,   0.698E-02,  37.93517,   0.226E+04
   5700,2021-08-22T14:00:10.545+02:00,   0.661E-02,  38.62843,   0.230E+04
   5800,2021-08-22T14:00:49.293+02:00,   0.642E-02,  39.26778,   0.234E+04
   5900,2021-08-22T14:01:28.476+02:00,   0.699E-02,  39.93556,   0.238E+04
   6000,2021-08-22T14:02:08.225+02:00,   0.734E-02,  40.64447,   0.242E+04
   6100,2021-08-22T14:02:48.115+02:00,   0.643E-02,  41.33365,   0.246E+04
   6200,2021-08-22T14:03:27.813+02:00,   0.635E-02,  42.02651,   0.250E+04
   6300,2021-08-22T14:04:07.244+02:00,   0.673E-02,  42.69333,   0.254E+04
   6400,2021-08-22T14:04:46.826+02:00,   0.660E-02,  43.35341,   0.258E+04
   6500,2021-08-22T14:05:26.359+02:00,   0.694E-02,  44.02349,   0.262E+04
   6600,2021-08-22T14:06:05.601+02:00,   0.648E-02,  44.70090,   0.266E+04
   6700,2021-08-22T14:06:45.121+02:00,   0.620E-02,  45.33456,   0.269E+04
   6800,2021-08-22T14:07:24.924+02:00,   0.590E-02,  45.98624,   0.273E+04
   6900,2021-08-22T14:08:04.426+02:00,   0.693E-02,  46.62405,   0.277E+04
   7000,2021-08-22T14:08:44.242+02:00,   0.675E-02,  47.29204,   0.281E+04
   7100,2021-08-22T14:09:24.044+02:00,   0.723E-02,  47.96199,   0.285E+04
   7200,2021-08-22T14:10:04.354+02:00,   0.781E-02,  48.70530,   0.289E+04
   7300,2021-08-22T14:10:44.207+02:00,   0.659E-02,  49.38223,   0.293E+04
   7400,2021-08-22T14:11:24.104+02:00,   0.671E-02,  50.03954,   0.297E+04
   7500,2021-08-22T14:12:03.870+02:00,   0.729E-02,  50.71819,   0.301E+04
   7600,2021-08-22T14:12:43.088+02:00,   0.629E-02,  51.37537,   0.305E+04
   7700,2021-08-22T14:13:22.816+02:00,   0.683E-02,  52.04120,   0.309E+04
   7800,2021-08-22T14:14:02.625+02:00,   0.657E-02,  52.70696,   0.313E+04
   7900,2021-08-22T14:14:42.176+02:00,   0.626E-02,  53.40344,   0.317E+04
   8000,2021-08-22T14:15:22.186+02:00,   0.613E-02,  54.07547,   0.321E+04
   8100,2021-08-22T14:16:01.911+02:00,   0.647E-02,  54.78384,   0.325E+04
   8200,2021-08-22T14:16:41.678+02:00,   0.651E-02,  55.47063,   0.329E+04
   8300,2021-08-22T14:17:21.010+02:00,   0.684E-02,  56.13428,   0.333E+04
   8400,2021-08-22T14:18:00.551+02:00,   0.597E-02,  56.81542,   0.337E+04
   8500,2021-08-22T14:18:39.561+02:00,   0.713E-02,  57.50776,   0.341E+04
   8600,2021-08-22T14:19:18.485+02:00,   0.724E-02,  58.19146,   0.344E+04
   8700,2021-08-22T14:19:57.800+02:00,   0.694E-02,  58.87666,   0.348E+04
   8800,2021-08-22T14:20:36.695+02:00,   0.654E-02,  59.53149,   0.352E+04
   8900,2021-08-22T14:21:15.471+02:00,   0.732E-02,  60.21415,   0.356E+04
   9000,2021-08-22T14:21:54.484+02:00,   0.670E-02,  60.88306,   0.360E+04
   9100,2021-08-22T14:22:33.798+02:00,   0.626E-02,  61.54331,   0.364E+04
   9200,2021-08-22T14:23:13.493+02:00,   0.664E-02,  62.19668,   0.368E+04
   9300,2021-08-22T14:23:52.966+02:00,   0.619E-02,  62.88564,   0.372E+04
   9400,2021-08-22T14:24:31.967+02:00,   0.681E-02,  63.56331,   0.376E+04
   9500,2021-08-22T14:25:11.657+02:00,   0.540E-02,  64.20301,   0.380E+04
   9600,2021-08-22T14:25:52.427+02:00,   0.647E-02,  64.81934,   0.384E+04
   9700,2021-08-22T14:26:32.513+02:00,   0.700E-02,  65.46168,   0.388E+04
   9800,2021-08-22T14:27:12.476+02:00,   0.656E-02,  66.10302,   0.392E+04
   9900,2021-08-22T14:27:52.719+02:00,   0.626E-02,  66.78536,   0.396E+04
  10000,2021-08-22T14:28:32.204+02:00,   0.677E-02,  67.45372,   0.399E+04
  10100,2021-08-22T14:29:11.341+02:00,   0.693E-02,  68.15063,   0.403E+04
  10200,2021-08-22T14:29:50.515+02:00,   0.646E-02,  68.83268,   0.407E+04
  10300,2021-08-22T14:30:29.750+02:00,   0.613E-02,  69.50011,   0.411E+04
  10400,2021-08-22T14:31:08.333+02:00,   0.704E-02,  70.18703,   0.415E+04
  10500,2021-08-22T14:31:47.455+02:00,   0.722E-02,  70.87453,   0.419E+04
  10600,2021-08-22T14:32:26.561+02:00,   0.701E-02,  71.57217,   0.423E+04
  10700,2021-08-22T14:33:05.468+02:00,   0.648E-02,  72.24632,   0.427E+04
  10800,2021-08-22T14:33:44.551+02:00,   0.683E-02,  72.93305,   0.431E+04
  10900,2021-08-22T14:34:23.363+02:00,   0.742E-02,  73.61644,   0.434E+04
  11000,2021-08-22T14:35:02.186+02:00,   0.623E-02,  74.26814,   0.438E+04
  11100,2021-08-22T14:35:40.870+02:00,   0.668E-02,  74.91102,   0.442E+04
  11200,2021-08-22T14:36:20.983+02:00,   0.631E-02,  75.57149,   0.446E+04
  11300,2021-08-22T14:37:01.032+02:00,   0.685E-02,  76.24080,   0.450E+04
  11400,2021-08-22T14:37:40.824+02:00,   0.740E-02,  76.92352,   0.454E+04
  11500,2021-08-22T14:38:20.837+02:00,   0.706E-02,  77.61337,   0.458E+04
  11600,2021-08-22T14:39:00.600+02:00,   0.732E-02,  78.27663,   0.462E+04
  11700,2021-08-22T14:39:40.666+02:00,   0.643E-02,  78.96459,   0.466E+04
  11800,2021-08-22T14:40:20.684+02:00,   0.738E-02,  79.63192,   0.470E+04
  11900,2021-08-22T14:41:00.197+02:00,   0.791E-02,  80.36585,   0.474E+04
  12000,2021-08-22T14:41:40.398+02:00,   0.699E-02,  81.05395,   0.478E+04
  12100,2021-08-22T14:42:20.017+02:00,   0.679E-02,  81.73621,   0.482E+04
  12200,2021-08-22T14:42:59.727+02:00,   0.682E-02,  82.42012,   0.486E+04
  12300,2021-08-22T14:43:39.616+02:00,   0.654E-02,  83.11186,   0.490E+04
  12400,2021-08-22T14:44:19.332+02:00,   0.668E-02,  83.76757,   0.494E+04
  12500,2021-08-22T14:44:59.451+02:00,   0.722E-02,  84.48171,   0.498E+04
  12600,2021-08-22T14:45:39.188+02:00,   0.678E-02,  85.17338,   0.502E+04
  12700,2021-08-22T14:46:19.002+02:00,   0.676E-02,  85.83836,   0.506E+04
  12800,2021-08-22T14:46:58.566+02:00,   0.676E-02,  86.51486,   0.510E+04
  12900,2021-08-22T14:47:39.058+02:00,   0.676E-02,  87.19136,   0.514E+04
  13000,2021-08-22T14:48:18.979+02:00,   0.684E-02,  87.83623,   0.517E+04
  13100,2021-08-22T14:48:58.749+02:00,   0.806E-02,  88.54369,   0.521E+04
  13200,2021-08-22T14:49:38.800+02:00,   0.683E-02,  89.27384,   0.525E+04
  13300,2021-08-22T14:50:18.437+02:00,   0.729E-02,  89.97678,   0.529E+04
  13400,2021-08-22T14:50:58.384+02:00,   0.687E-02,  90.72156,   0.533E+04
  13500,2021-08-22T14:51:38.260+02:00,   0.687E-02,  91.40884,   0.537E+04
  13600,2021-08-22T14:52:18.042+02:00,   0.732E-02,  92.11276,   0.541E+04
  13700,2021-08-22T14:52:58.099+02:00,   0.684E-02,  92.81405,   0.545E+04
  13800,2021-08-22T14:53:38.380+02:00,   0.698E-02,  93.46949,   0.549E+04
  13900,2021-08-22T14:54:18.085+02:00,   0.685E-02,  94.15678,   0.553E+04
  14000,2021-08-22T14:54:58.423+02:00,   0.714E-02,  94.84032,   0.557E+04
  14100,2021-08-22T14:55:38.528+02:00,   0.752E-02,  95.54792,   0.561E+04
  14200,2021-08-22T14:56:18.232+02:00,   0.690E-02,  96.24685,   0.565E+04
  14300,2021-08-22T14:56:58.206+02:00,   0.653E-02,  96.91911,   0.569E+04
  14400,2021-08-22T14:57:38.289+02:00,   0.642E-02,  97.58434,   0.573E+04
  14500,2021-08-22T14:58:18.317+02:00,   0.651E-02,  98.24577,   0.577E+04
  14600,2021-08-22T14:58:58.074+02:00,   0.642E-02,  98.91110,   0.581E+04
  14700,2021-08-22T14:59:38.085+02:00,   0.698E-02,  99.58107,   0.585E+04
  14800,2021-08-22T15:00:18.396+02:00,   0.752E-02, 100.30964,   0.589E+04
  14900,2021-08-22T15:00:58.342+02:00,   0.719E-02, 101.00187,   0.593E+04
  15000,2021-08-22T15:01:38.232+02:00,   0.665E-02, 101.69669,   0.597E+04
  15100,2021-08-22T15:02:18.276+02:00,   0.709E-02, 102.39652,   0.601E+04
  15200,2021-08-22T15:02:57.904+02:00,   0.684E-02, 103.10088,   0.605E+04
  15300,2021-08-22T15:03:37.914+02:00,   0.730E-02, 103.77893,   0.609E+04
  15400,2021-08-22T15:04:18.152+02:00,   0.707E-02, 104.43902,   0.613E+04
  15500,2021-08-22T15:04:58.333+02:00,   0.679E-02, 105.17075,   0.617E+04
  15600,2021-08-22T15:05:37.928+02:00,   0.746E-02, 105.89687,   0.621E+04
  15700,2021-08-22T15:06:17.673+02:00,   0.582E-02, 106.61204,   0.625E+04
  15800,2021-08-22T15:06:57.111+02:00,   0.717E-02, 107.25977,   0.629E+04
  15900,2021-08-22T15:07:36.069+02:00,   0.636E-02, 107.97202,   0.633E+04
  16000,2021-08-22T15:08:15.164+02:00,   0.700E-02, 108.66074,   0.636E+04
  16100,2021-08-22T15:08:53.896+02:00,   0.731E-02, 109.34467,   0.640E+04
  16200,2021-08-22T15:09:32.787+02:00,   0.709E-02, 110.05097,   0.644E+04
  16300,2021-08-22T15:10:11.560+02:00,   0.707E-02, 110.72695,   0.648E+04
  16400,2021-08-22T15:10:50.536+02:00,   0.749E-02, 111.42939,   0.652E+04
  16500,2021-08-22T15:11:29.794+02:00,   0.646E-02, 112.15266,   0.656E+04
  16600,2021-08-22T15:12:08.729+02:00,   0.698E-02, 112.81965,   0.660E+04
  16700,2021-08-22T15:12:47.741+02:00,   0.673E-02, 113.47723,   0.664E+04
  16800,2021-08-22T15:13:26.949+02:00,   0.666E-02, 114.13882,   0.667E+04
  16900,2021-08-22T15:14:05.927+02:00,   0.798E-02, 114.82838,   0.671E+04
  17000,2021-08-22T15:14:44.826+02:00,   0.712E-02, 115.55089,   0.675E+04
  17100,2021-08-22T15:15:23.929+02:00,   0.662E-02, 116.23246,   0.679E+04
  17200,2021-08-22T15:16:02.579+02:00,   0.628E-02, 116.88120,   0.683E+04
  17300,2021-08-22T15:16:41.260+02:00,   0.712E-02, 117.55912,   0.687E+04
  17400,2021-08-22T15:17:20.618+02:00,   0.756E-02, 118.25827,   0.691E+04
  17500,2021-08-22T15:17:59.495+02:00,   0.732E-02, 118.98774,   0.695E+04
  17600,2021-08-22T15:18:38.186+02:00,   0.701E-02, 119.69109,   0.698E+04
  17700,2021-08-22T15:19:16.985+02:00,   0.760E-02, 120.39780,   0.702E+04
  17800,2021-08-22T15:19:55.905+02:00,   0.726E-02, 121.11859,   0.706E+04
  17900,2021-08-22T15:20:34.535+02:00,   0.726E-02, 121.84463,   0.710E+04
  18000,2021-08-22T15:21:13.534+02:00,   0.712E-02, 122.54351,   0.714E+04
  18100,2021-08-22T15:21:53.019+02:00,   0.658E-02, 123.24848,   0.718E+04
  18200,2021-08-22T15:22:31.734+02:00,   0.733E-02, 123.90947,   0.722E+04
  18300,2021-08-22T15:23:10.665+02:00,   0.700E-02, 124.60760,   0.725E+04
  18400,2021-08-22T15:23:49.507+02:00,   0.680E-02, 125.30384,   0.729E+04
  18500,2021-08-22T15:24:28.130+02:00,   0.650E-02, 125.99420,   0.733E+04
  18600,2021-08-22T15:25:07.207+02:00,   0.725E-02, 126.66885,   0.737E+04
  18700,2021-08-22T15:25:46.143+02:00,   0.716E-02, 127.37183,   0.741E+04
  18800,2021-08-22T15:26:24.657+02:00,   0.709E-02, 128.07257,   0.745E+04
  18900,2021-08-22T15:27:03.213+02:00,   0.770E-02, 128.79661,   0.749E+04
  19000,2021-08-22T15:27:42.206+02:00,   0.659E-02, 129.52286,   0.752E+04
  19100,2021-08-22T15:28:21.019+02:00,   0.677E-02, 130.19867,   0.756E+04
  19200,2021-08-22T15:28:59.705+02:00,   0.819E-02, 130.89780,   0.760E+04
  19300,2021-08-22T15:29:38.609+02:00,   0.786E-02, 131.65247,   0.764E+04
  19400,2021-08-22T15:30:17.768+02:00,   0.717E-02, 132.39163,   0.768E+04
  19500,2021-08-22T15:30:56.456+02:00,   0.755E-02, 133.08187,   0.772E+04
  19600,2021-08-22T15:31:35.872+02:00,   0.745E-02, 133.81513,   0.776E+04
  19700,2021-08-22T15:32:14.703+02:00,   0.757E-02, 134.52070,   0.780E+04
  19800,2021-08-22T15:32:53.659+02:00,   0.712E-02, 135.19125,   0.783E+04
  19900,2021-08-22T15:33:32.481+02:00,   0.631E-02, 135.84856,   0.787E+04
  20000,2021-08-22T15:34:11.437+02:00,   0.752E-02, 136.55090,   0.791E+04
  20100,2021-08-22T15:34:50.079+02:00,   0.652E-02, 137.25310,   0.795E+04
  20200,2021-08-22T15:35:28.636+02:00,   0.710E-02, 137.93831,   0.799E+04
  20300,2021-08-22T15:36:07.914+02:00,   0.740E-02, 138.67045,   0.803E+04
  20400,2021-08-22T15:36:47.451+02:00,   0.629E-02, 139.36381,   0.807E+04
  20500,2021-08-22T15:37:26.143+02:00,   0.614E-02, 139.99467,   0.811E+04
  20600,2021-08-22T15:38:05.108+02:00,   0.650E-02, 140.69238,   0.814E+04
  20700,2021-08-22T15:38:44.215+02:00,   0.610E-02, 141.37422,   0.818E+04
  20800,2021-08-22T15:39:23.039+02:00,   0.738E-02, 142.05792,   0.822E+04
  20900,2021-08-22T15:40:03.221+02:00,   0.695E-02, 142.76610,   0.826E+04
  21000,2021-08-22T15:40:42.448+02:00,   0.708E-02, 143.46573,   0.830E+04
  21100,2021-08-22T15:41:21.517+02:00,   0.654E-02, 144.17165,   0.834E+04
  21200,2021-08-22T15:42:01.158+02:00,   0.643E-02, 144.86540,   0.838E+04
  21300,2021-08-22T15:42:41.037+02:00,   0.661E-02, 145.50255,   0.842E+04
  21400,2021-08-22T15:43:20.811+02:00,   0.713E-02, 146.25333,   0.846E+04
  21500,2021-08-22T15:44:00.437+02:00,   0.808E-02, 146.99577,   0.850E+04
  21600,2021-08-22T15:44:40.760+02:00,   0.742E-02, 147.74529,   0.854E+04
  21700,2021-08-22T15:45:20.188+02:00,   0.645E-02, 148.44511,   0.858E+04
  21800,2021-08-22T15:45:59.346+02:00,   0.701E-02, 149.12212,   0.862E+04
  21900,2021-08-22T15:46:38.718+02:00,   0.760E-02, 149.83053,   0.865E+04
  22000,2021-08-22T15:47:17.827+02:00,   0.623E-02, 150.50227,   0.869E+04
  22100,2021-08-22T15:47:56.953+02:00,   0.714E-02, 151.19361,   0.873E+04
  22200,2021-08-22T15:48:36.681+02:00,   0.725E-02, 151.89092,   0.877E+04
  22300,2021-08-22T15:49:15.474+02:00,   0.725E-02, 152.61595,   0.881E+04
  22400,2021-08-22T15:49:54.383+02:00,   0.698E-02, 153.31743,   0.885E+04
  22500,2021-08-22T15:50:33.403+02:00,   0.751E-02, 154.04911,   0.889E+04
  22600,2021-08-22T15:51:12.456+02:00,   0.743E-02, 154.78641,   0.893E+04
  22700,2021-08-22T15:51:51.752+02:00,   0.723E-02, 155.52172,   0.897E+04
  22800,2021-08-22T15:52:31.095+02:00,   0.712E-02, 156.23299,   0.900E+04
  22900,2021-08-22T15:53:10.237+02:00,   0.686E-02, 156.94210,   0.904E+04
  23000,2021-08-22T15:53:49.466+02:00,   0.712E-02, 157.65005,   0.908E+04
  23100,2021-08-22T15:54:28.775+02:00,   0.741E-02, 158.38756,   0.912E+04
  23200,2021-08-22T15:55:08.000+02:00,   0.741E-02, 159.12840,   0.916E+04
  23300,2021-08-22T15:55:46.631+02:00,   0.630E-02, 159.85113,   0.920E+04
  23400,2021-08-22T15:56:25.537+02:00,   0.672E-02, 160.55435,   0.924E+04
  23500,2021-08-22T15:57:04.640+02:00,   0.625E-02, 161.26839,   0.928E+04
  23600,2021-08-22T15:57:43.188+02:00,   0.746E-02, 161.91676,   0.931E+04
  23700,2021-08-22T15:58:22.792+02:00,   0.660E-02, 162.63197,   0.935E+04
  23800,2021-08-22T15:59:01.727+02:00,   0.718E-02, 163.32876,   0.939E+04
  23900,2021-08-22T15:59:40.660+02:00,   0.754E-02, 164.05569,   0.943E+04
  24000,2021-08-22T16:00:19.787+02:00,   0.627E-02, 164.72628,   0.947E+04
  24100,2021-08-22T16:00:58.885+02:00,   0.665E-02, 165.43599,   0.951E+04
  24200,2021-08-22T16:01:37.670+02:00,   0.722E-02, 166.12674,   0.955E+04
  24300,2021-08-22T16:02:17.108+02:00,   0.741E-02, 166.84053,   0.959E+04
  24400,2021-08-22T16:02:55.932+02:00,   0.695E-02, 167.54400,   0.963E+04
  24500,2021-08-22T16:03:34.710+02:00,   0.697E-02, 168.26044,   0.966E+04
  24600,2021-08-22T16:04:13.639+02:00,   0.705E-02, 168.98969,   0.970E+04
  24700,2021-08-22T16:04:52.644+02:00,   0.697E-02, 169.68764,   0.974E+04
  24800,2021-08-22T16:05:31.449+02:00,   0.669E-02, 170.38281,   0.978E+04
  24900,2021-08-22T16:06:10.928+02:00,   0.658E-02, 171.07165,   0.982E+04
  25000,2021-08-22T16:06:50.000+02:00,   0.671E-02, 171.74508,   0.986E+04
  25100,2021-08-22T16:07:29.166+02:00,   0.706E-02, 172.45218,   0.990E+04
  25200,2021-08-22T16:08:08.350+02:00,   0.695E-02, 173.17763,   0.994E+04
  25300,2021-08-22T16:08:47.618+02:00,   0.736E-02, 173.86578,   0.998E+04
  25400,2021-08-22T16:09:27.189+02:00,   0.732E-02, 174.52451,   0.100E+05
  25500,2021-08-22T16:10:07.419+02:00,   0.716E-02, 175.20493,   0.101E+05
  25600,2021-08-22T16:10:47.103+02:00,   0.681E-02, 175.94954,   0.101E+05
  25700,2021-08-22T16:11:26.591+02:00,   0.726E-02, 176.66452,   0.101E+05
  25800,2021-08-22T16:12:06.530+02:00,   0.745E-02, 177.33838,   0.102E+05
  25900,2021-08-22T16:12:46.144+02:00,   0.820E-02, 178.09918,   0.102E+05
  26000,2021-08-22T16:13:26.568+02:00,   0.742E-02, 178.84676,   0.103E+05
  26100,2021-08-22T16:14:06.527+02:00,   0.683E-02, 179.60551,   0.103E+05
  26200,2021-08-22T16:14:45.276+02:00,   0.783E-02, 180.33065,   0.103E+05
  26300,2021-08-22T16:15:24.040+02:00,   0.761E-02, 181.07439,   0.104E+05
  26400,2021-08-22T16:16:03.278+02:00,   0.664E-02, 181.83912,   0.104E+05
  26500,2021-08-22T16:16:42.679+02:00,   0.742E-02, 182.54725,   0.104E+05
  26600,2021-08-22T16:17:22.346+02:00,   0.712E-02, 183.25779,   0.105E+05
  26700,2021-08-22T16:18:02.185+02:00,   0.625E-02, 183.96553,   0.105E+05
  26800,2021-08-22T16:18:42.040+02:00,   0.726E-02, 184.67205,   0.106E+05
  26900,2021-08-22T16:19:20.984+02:00,   0.702E-02, 185.40794,   0.106E+05
  27000,2021-08-22T16:20:00.032+02:00,   0.763E-02, 186.11932,   0.106E+05
  27100,2021-08-22T16:20:38.917+02:00,   0.705E-02, 186.83761,   0.107E+05
  27200,2021-08-22T16:21:18.160+02:00,   0.719E-02, 187.53115,   0.107E+05
  27300,2021-08-22T16:21:57.305+02:00,   0.556E-02, 188.18647,   0.108E+05
  27400,2021-08-22T16:22:35.937+02:00,   0.724E-02, 188.87295,   0.108E+05
  27500,2021-08-22T16:23:14.762+02:00,   0.724E-02, 189.59711,   0.108E+05
  27600,2021-08-22T16:23:53.952+02:00,   0.692E-02, 190.30413,   0.109E+05
  27700,2021-08-22T16:24:33.075+02:00,   0.710E-02, 191.03582,   0.109E+05
  27800,2021-08-22T16:25:11.659+02:00,   0.710E-02, 191.74576,   0.110E+05
  27900,2021-08-22T16:25:50.675+02:00,   0.712E-02, 192.44152,   0.110E+05
  28000,2021-08-22T16:26:29.205+02:00,   0.682E-02, 193.15667,   0.110E+05
  28100,2021-08-22T16:27:08.149+02:00,   0.791E-02, 193.88139,   0.111E+05
  28200,2021-08-22T16:27:47.380+02:00,   0.687E-02, 194.63202,   0.111E+05
  28300,2021-08-22T16:28:26.264+02:00,   0.727E-02, 195.33029,   0.111E+05
  28400,2021-08-22T16:29:05.374+02:00,   0.727E-02, 196.05731,   0.112E+05
  28500,2021-08-22T16:29:44.782+02:00,   0.715E-02, 196.76312,   0.112E+05
  28600,2021-08-22T16:30:23.796+02:00,   0.740E-02, 197.49573,   0.113E+05
  28700,2021-08-22T16:31:02.173+02:00,   0.767E-02, 198.23893,   0.113E+05
  28800,2021-08-22T16:31:41.166+02:00,   0.679E-02, 198.98409,   0.113E+05
  28900,2021-08-22T16:32:20.205+02:00,   0.683E-02, 199.66047,   0.114E+05
  29000,2021-08-22T16:32:58.950+02:00,   0.731E-02, 200.37089,   0.114E+05
  29100,2021-08-22T16:33:38.996+02:00,   0.767E-02, 201.14308,   0.115E+05
  29200,2021-08-22T16:34:18.182+02:00,   0.654E-02, 201.90996,   0.115E+05
  29300,2021-08-22T16:34:56.545+02:00,   0.675E-02, 202.59321,   0.115E+05
  29400,2021-08-22T16:35:35.637+02:00,   0.712E-02, 203.30653,   0.116E+05
  29500,2021-08-22T16:36:14.924+02:00,   0.769E-02, 204.01604,   0.116E+05
  29600,2021-08-22T16:36:53.730+02:00,   0.689E-02, 204.72863,   0.117E+05
  29700,2021-08-22T16:37:32.562+02:00,   0.731E-02, 205.43606,   0.117E+05
  29800,2021-08-22T16:38:11.586+02:00,   0.757E-02, 206.19033,   0.117E+05
  29900,2021-08-22T16:38:50.746+02:00,   0.647E-02, 206.90103,   0.118E+05
  30000,2021-08-22T16:39:30.224+02:00,   0.677E-02, 207.56900,   0.118E+05
  30100,2021-08-22T16:40:09.926+02:00,   0.753E-02, 208.28358,   0.118E+05
  30200,2021-08-22T16:40:49.504+02:00,   0.679E-02, 209.00325,   0.119E+05
  30300,2021-08-22T16:41:28.632+02:00,   0.730E-02, 209.71537,   0.119E+05
  30400,2021-08-22T16:42:07.960+02:00,   0.693E-02, 210.41816,   0.120E+05
  30500,2021-08-22T16:42:47.523+02:00,   0.730E-02, 211.13752,   0.120E+05
  30600,2021-08-22T16:43:27.330+02:00,   0.658E-02, 211.81739,   0.120E+05
  30700,2021-08-22T16:44:07.012+02:00,   0.714E-02, 212.52352,   0.121E+05
  30800,2021-08-22T16:44:46.618+02:00,   0.699E-02, 213.24426,   0.121E+05
  30900,2021-08-22T16:45:26.362+02:00,   0.603E-02, 213.93287,   0.122E+05
  31000,2021-08-22T16:46:06.167+02:00,   0.793E-02, 214.63328,   0.122E+05
  31100,2021-08-22T16:46:45.655+02:00,   0.688E-02, 215.36279,   0.122E+05
  31200,2021-08-22T16:47:25.598+02:00,   0.726E-02, 216.09642,   0.123E+05
  31300,2021-08-22T16:48:04.950+02:00,   0.699E-02, 216.79048,   0.123E+05
  31400,2021-08-22T16:48:44.621+02:00,   0.607E-02, 217.52522,   0.124E+05
  31500,2021-08-22T16:49:24.518+02:00,   0.735E-02, 218.25752,   0.124E+05
  31600,2021-08-22T16:50:04.338+02:00,   0.714E-02, 218.98287,   0.124E+05
  31700,2021-08-22T16:50:44.214+02:00,   0.683E-02, 219.72542,   0.125E+05
  31800,2021-08-22T16:51:23.753+02:00,   0.743E-02, 220.40855,   0.125E+05
  31900,2021-08-22T16:52:03.029+02:00,   0.668E-02, 221.14609,   0.126E+05
  32000,2021-08-22T16:52:42.666+02:00,   0.712E-02, 221.87727,   0.126E+05
  32100,2021-08-22T16:53:22.538+02:00,   0.744E-02, 222.55500,   0.126E+05
  32200,2021-08-22T16:54:01.992+02:00,   0.723E-02, 223.27294,   0.127E+05
  32300,2021-08-22T16:54:42.738+02:00,   0.779E-02, 224.04376,   0.127E+05
  32400,2021-08-22T16:55:23.135+02:00,   0.663E-02, 224.73859,   0.128E+05
  32500,2021-08-22T16:56:03.558+02:00,   0.643E-02, 225.44310,   0.128E+05
  32600,2021-08-22T16:56:42.961+02:00,   0.696E-02, 226.12714,   0.128E+05
  32700,2021-08-22T16:57:23.075+02:00,   0.662E-02, 226.84761,   0.129E+05
  32800,2021-08-22T16:58:02.215+02:00,   0.675E-02, 227.58293,   0.129E+05
  32900,2021-08-22T16:58:41.926+02:00,   0.708E-02, 228.28631,   0.130E+05
  33000,2021-08-22T16:59:21.568+02:00,   0.728E-02, 228.98771,   0.130E+05
  33100,2021-08-22T17:00:01.091+02:00,   0.777E-02, 229.69729,   0.130E+05
  33200,2021-08-22T17:00:41.006+02:00,   0.698E-02, 230.40445,   0.131E+05
  33300,2021-08-22T17:01:20.820+02:00,   0.834E-02, 231.13286,   0.131E+05
  33400,2021-08-22T17:02:00.640+02:00,   0.661E-02, 231.86042,   0.131E+05
  33500,2021-08-22T17:02:39.843+02:00,   0.703E-02, 232.58132,   0.132E+05
  33600,2021-08-22T17:03:19.451+02:00,   0.709E-02, 233.34486,   0.132E+05
  33700,2021-08-22T17:03:59.443+02:00,   0.749E-02, 234.09381,   0.133E+05
  33800,2021-08-22T17:04:39.352+02:00,   0.658E-02, 234.84278,   0.133E+05
  33900,2021-08-22T17:05:18.493+02:00,   0.754E-02, 235.55464,   0.133E+05
  34000,2021-08-22T17:05:58.171+02:00,   0.746E-02, 236.29536,   0.134E+05
  34100,2021-08-22T17:06:37.755+02:00,   0.735E-02, 237.03097,   0.134E+05
  34200,2021-08-22T17:07:17.592+02:00,   0.735E-02, 237.76578,   0.135E+05
  34300,2021-08-22T17:07:57.225+02:00,   0.682E-02, 238.47234,   0.135E+05
  34400,2021-08-22T17:08:36.934+02:00,   0.825E-02, 239.22449,   0.135E+05
  34500,2021-08-22T17:09:16.421+02:00,   0.815E-02, 240.00332,   0.136E+05
  34600,2021-08-22T17:09:56.076+02:00,   0.777E-02, 240.71002,   0.136E+05
  34700,2021-08-22T17:10:35.943+02:00,   0.746E-02, 241.43509,   0.137E+05
  34800,2021-08-22T17:11:15.535+02:00,   0.729E-02, 242.15650,   0.137E+05
  34900,2021-08-22T17:11:55.086+02:00,   0.648E-02, 242.85716,   0.137E+05
  35000,2021-08-22T17:12:34.564+02:00,   0.694E-02, 243.57520,   0.138E+05
  35100,2021-08-22T17:13:14.446+02:00,   0.725E-02, 244.26744,   0.138E+05
  35200,2021-08-22T17:13:53.862+02:00,   0.746E-02, 244.97427,   0.139E+05
  35300,2021-08-22T17:14:33.291+02:00,   0.718E-02, 245.68584,   0.139E+05
  35400,2021-08-22T17:15:12.545+02:00,   0.718E-02, 246.40410,   0.139E+05
  35500,2021-08-22T17:15:51.686+02:00,   0.699E-02, 247.12309,   0.140E+05
  35600,2021-08-22T17:16:31.144+02:00,   0.687E-02, 247.79935,   0.140E+05
  35700,2021-08-22T17:17:10.924+02:00,   0.740E-02, 248.52858,   0.141E+05
  35800,2021-08-22T17:17:50.545+02:00,   0.783E-02, 249.24705,   0.141E+05
  35900,2021-08-22T17:18:29.944+02:00,   0.662E-02, 249.94685,   0.141E+05
  36000,2021-08-22T17:19:09.354+02:00,   0.710E-02, 250.68019,   0.142E+05
  36100,2021-08-22T17:19:48.772+02:00,   0.703E-02, 251.36759,   0.142E+05
  36200,2021-08-22T17:20:28.412+02:00,   0.740E-02, 252.12698,   0.142E+05
  36300,2021-08-22T17:21:07.780+02:00,   0.591E-02, 252.79767,   0.143E+05
  36400,2021-08-22T17:21:46.825+02:00,   0.749E-02, 253.48690,   0.143E+05
  36500,2021-08-22T17:22:26.095+02:00,   0.736E-02, 254.21847,   0.144E+05
  36600,2021-08-22T17:23:05.556+02:00,   0.658E-02, 254.88850,   0.144E+05
  36700,2021-08-22T17:23:44.831+02:00,   0.685E-02, 255.56627,   0.144E+05
  36800,2021-08-22T17:24:24.129+02:00,   0.646E-02, 256.27680,   0.145E+05
  36900,2021-08-22T17:25:03.533+02:00,   0.730E-02, 257.00064,   0.145E+05
  37000,2021-08-22T17:25:42.750+02:00,   0.722E-02, 257.70427,   0.146E+05
  37100,2021-08-22T17:26:22.242+02:00,   0.740E-02, 258.43516,   0.146E+05
  37200,2021-08-22T17:27:01.368+02:00,   0.761E-02, 259.13750,   0.146E+05
  37300,2021-08-22T17:27:41.014+02:00,   0.718E-02, 259.85164,   0.147E+05
  37400,2021-08-22T17:28:20.458+02:00,   0.729E-02, 260.54257,   0.147E+05
  37500,2021-08-22T17:28:59.836+02:00,   0.780E-02, 261.23588,   0.148E+05
  37600,2021-08-22T17:29:39.360+02:00,   0.652E-02, 261.94612,   0.148E+05
  37700,2021-08-22T17:30:18.919+02:00,   0.702E-02, 262.60587,   0.148E+05
  37800,2021-08-22T17:30:58.415+02:00,   0.772E-02, 263.34782,   0.149E+05
  37900,2021-08-22T17:31:37.946+02:00,   0.684E-02, 264.05602,   0.149E+05
  38000,2021-08-22T17:32:17.074+02:00,   0.676E-02, 264.74944,   0.150E+05
  38100,2021-08-22T17:32:56.083+02:00,   0.744E-02, 265.46419,   0.150E+05
  38200,2021-08-22T17:33:35.095+02:00,   0.744E-02, 266.20801,   0.150E+05
  38300,2021-08-22T17:34:14.675+02:00,   0.719E-02, 266.92675,   0.151E+05
  38400,2021-08-22T17:34:54.116+02:00,   0.685E-02, 267.61553,   0.151E+05
  38500,2021-08-22T17:35:33.186+02:00,   0.676E-02, 268.33752,   0.151E+05
  38600,2021-08-22T17:36:12.302+02:00,   0.664E-02, 269.02437,   0.152E+05
  38700,2021-08-22T17:36:52.053+02:00,   0.717E-02, 269.76573,   0.152E+05
  38800,2021-08-22T17:37:31.964+02:00,   0.789E-02, 270.48711,   0.153E+05
  38900,2021-08-22T17:38:11.474+02:00,   0.683E-02, 271.16565,   0.153E+05
  39000,2021-08-22T17:38:51.652+02:00,   0.721E-02, 271.86130,   0.153E+05
  39100,2021-08-22T17:39:32.778+02:00,   0.633E-02, 272.56254,   0.154E+05
  39200,2021-08-22T17:40:13.389+02:00,   0.597E-02, 273.20935,   0.154E+05
  39300,2021-08-22T17:40:53.074+02:00,   0.691E-02, 273.88627,   0.155E+05
  39400,2021-08-22T17:41:33.064+02:00,   0.746E-02, 274.62037,   0.155E+05
  39500,2021-08-22T17:42:12.619+02:00,   0.715E-02, 275.33293,   0.155E+05
  39600,2021-08-22T17:42:52.640+02:00,   0.734E-02, 276.05273,   0.156E+05
  39700,2021-08-22T17:43:32.299+02:00,   0.703E-02, 276.77574,   0.156E+05
  39800,2021-08-22T17:44:12.042+02:00,   0.689E-02, 277.49115,   0.157E+05
  39900,2021-08-22T17:44:51.544+02:00,   0.652E-02, 278.16724,   0.157E+05
  40000,2021-08-22T17:45:31.099+02:00,   0.766E-02, 278.86879,   0.157E+05
  40100,2021-08-22T17:46:11.241+02:00,   0.682E-02, 279.61118,   0.158E+05
  40200,2021-08-22T17:46:51.159+02:00,   0.727E-02, 280.30108,   0.158E+05
  40300,2021-08-22T17:47:33.914+02:00,   0.697E-02, 281.03260,   0.159E+05
  40400,2021-08-22T17:48:13.606+02:00,   0.765E-02, 281.74113,   0.159E+05
  40500,2021-08-22T17:48:54.378+02:00,   0.718E-02, 282.47253,   0.159E+05
  40600,2021-08-22T17:49:35.739+02:00,   0.689E-02, 283.14131,   0.160E+05
  40700,2021-08-22T17:50:14.946+02:00,   0.689E-02, 283.83073,   0.160E+05
  40800,2021-08-22T17:50:54.924+02:00,   0.742E-02, 284.53516,   0.161E+05
  40900,2021-08-22T17:51:34.850+02:00,   0.742E-02, 285.27735,   0.161E+05
  41000,2021-08-22T17:52:15.034+02:00,   0.744E-02, 285.98788,   0.161E+05
  41100,2021-08-22T17:52:55.260+02:00,   0.748E-02, 286.69107,   0.162E+05
  41200,2021-08-22T17:53:35.506+02:00,   0.714E-02, 287.40168,   0.162E+05
  41300,2021-08-22T17:54:14.807+02:00,   0.758E-02, 288.12165,   0.163E+05
  41400,2021-08-22T17:54:54.640+02:00,   0.754E-02, 288.81696,   0.163E+05
  41500,2021-08-22T17:55:34.210+02:00,   0.727E-02, 289.51325,   0.163E+05
  41600,2021-08-22T17:56:13.309+02:00,   0.727E-02, 290.23993,   0.164E+05
  41700,2021-08-22T17:56:52.641+02:00,   0.762E-02, 290.94790,   0.164E+05
  41800,2021-08-22T17:57:32.200+02:00,   0.653E-02, 291.66117,   0.165E+05
  41900,2021-08-22T17:58:11.191+02:00,   0.701E-02, 292.34330,   0.165E+05
  42000,2021-08-22T17:58:50.128+02:00,   0.691E-02, 293.03188,   0.165E+05
  42100,2021-08-22T17:59:29.426+02:00,   0.658E-02, 293.75981,   0.166E+05
  42200,2021-08-22T18:00:08.535+02:00,   0.749E-02, 294.46490,   0.166E+05
  42300,2021-08-22T18:00:48.332+02:00,   0.680E-02, 295.20332,   0.167E+05
  42400,2021-08-22T18:01:27.398+02:00,   0.729E-02, 295.94429,   0.167E+05
  42500,2021-08-22T18:02:07.164+02:00,   0.722E-02, 296.67102,   0.167E+05
  42600,2021-08-22T18:02:46.383+02:00,   0.781E-02, 297.41674,   0.168E+05
  42700,2021-08-22T18:03:25.622+02:00,   0.644E-02, 298.11974,   0.168E+05
  42800,2021-08-22T18:04:04.781+02:00,   0.779E-02, 298.86828,   0.168E+05
  42900,2021-08-22T18:04:44.348+02:00,   0.729E-02, 299.60341,   0.169E+05
  43000,2021-08-22T18:05:25.867+02:00,   0.338E-02, 300.14911,   0.169E+05
  43100,2021-08-22T18:06:10.454+02:00,   0.289E-02, 300.45630,   0.170E+05
  43200,2021-08-22T18:06:56.980+02:00,   0.322E-02, 300.77684,   0.170E+05
  43300,2021-08-22T18:07:42.880+02:00,   0.314E-02, 301.10223,   0.171E+05
  43400,2021-08-22T18:08:28.943+02:00,   0.308E-02, 301.42139,   0.171E+05
  43500,2021-08-22T18:09:14.903+02:00,   0.298E-02, 301.73567,   0.172E+05
  43600,2021-08-22T18:10:00.794+02:00,   0.341E-02, 302.05540,   0.172E+05
  43700,2021-08-22T18:10:47.772+02:00,   0.357E-02, 302.37871,   0.172E+05
  43800,2021-08-22T18:11:34.363+02:00,   0.346E-02, 302.71067,   0.173E+05
  43900,2021-08-22T18:12:20.488+02:00,   0.334E-02, 303.03940,   0.173E+05
  44000,2021-08-22T18:13:06.480+02:00,   0.317E-02, 303.36238,   0.174E+05
  44100,2021-08-22T18:13:53.142+02:00,   0.328E-02, 303.68706,   0.174E+05
  44200,2021-08-22T18:14:39.302+02:00,   0.281E-02, 304.01511,   0.175E+05
  44300,2021-08-22T18:15:26.257+02:00,   0.346E-02, 304.33284,   0.175E+05
  44400,2021-08-22T18:16:13.408+02:00,   0.339E-02, 304.66279,   0.176E+05
  44500,2021-08-22T18:17:00.616+02:00,   0.371E-02, 304.99829,   0.176E+05
  44600,2021-08-22T18:17:47.672+02:00,   0.349E-02, 305.32372,   0.177E+05
  44700,2021-08-22T18:18:35.154+02:00,   0.376E-02, 305.65441,   0.177E+05
  44800,2021-08-22T18:19:22.097+02:00,   0.318E-02, 305.98802,   0.178E+05
  44900,2021-08-22T18:20:10.035+02:00,   0.362E-02, 306.32100,   0.178E+05
  45000,2021-08-22T18:20:57.351+02:00,   0.325E-02, 306.65500,   0.179E+05
  45100,2021-08-22T18:21:44.318+02:00,   0.343E-02, 306.98585,   0.179E+05
  45200,2021-08-22T18:22:31.892+02:00,   0.322E-02, 307.31886,   0.180E+05
  45300,2021-08-22T18:23:19.309+02:00,   0.340E-02, 307.65722,   0.180E+05
  45400,2021-08-22T18:24:08.974+02:00,   0.349E-02, 307.99159,   0.180E+05
  45500,2021-08-22T18:24:57.626+02:00,   0.336E-02, 308.32963,   0.181E+05
  45600,2021-08-22T18:25:46.780+02:00,   0.373E-02, 308.66731,   0.181E+05
  45700,2021-08-22T18:26:35.706+02:00,   0.385E-02, 308.99881,   0.182E+05
  45800,2021-08-22T18:27:24.863+02:00,   0.340E-02, 309.33052,   0.182E+05
  45900,2021-08-22T18:28:14.506+02:00,   0.296E-02, 309.67302,   0.183E+05
  46000,2021-08-22T18:29:03.371+02:00,   0.338E-02, 310.00555,   0.183E+05
  46100,2021-08-22T18:29:52.972+02:00,   0.327E-02, 310.34874,   0.184E+05
  46200,2021-08-22T18:30:41.904+02:00,   0.310E-02, 310.69334,   0.184E+05
  46300,2021-08-22T18:31:31.049+02:00,   0.391E-02, 311.03998,   0.185E+05
  46400,2021-08-22T18:32:20.704+02:00,   0.314E-02, 311.38162,   0.185E+05
  46500,2021-08-22T18:33:10.672+02:00,   0.372E-02, 311.72232,   0.186E+05
  46600,2021-08-22T18:34:00.362+02:00,   0.366E-02, 312.06950,   0.186E+05
  46700,2021-08-22T18:34:50.040+02:00,   0.331E-02, 312.41027,   0.187E+05
  46800,2021-08-22T18:35:40.359+02:00,   0.343E-02, 312.74748,   0.187E+05
  46900,2021-08-22T18:36:30.459+02:00,   0.328E-02, 313.08628,   0.188E+05
  47000,2021-08-22T18:37:20.044+02:00,   0.344E-02, 313.42242,   0.188E+05
  47100,2021-08-22T18:38:09.519+02:00,   0.344E-02, 313.77091,   0.189E+05
  47200,2021-08-22T18:38:59.691+02:00,   0.333E-02, 314.11031,   0.189E+05
  47300,2021-08-22T18:39:49.504+02:00,   0.359E-02, 314.45147,   0.190E+05
  47400,2021-08-22T18:40:39.574+02:00,   0.365E-02, 314.79636,   0.190E+05
  47500,2021-08-22T18:41:30.097+02:00,   0.342E-02, 315.13952,   0.191E+05
  47600,2021-08-22T18:42:19.867+02:00,   0.343E-02, 315.48515,   0.191E+05
  47700,2021-08-22T18:43:10.871+02:00,   0.338E-02, 315.82812,   0.192E+05
  47800,2021-08-22T18:44:00.991+02:00,   0.349E-02, 316.18382,   0.192E+05
  47900,2021-08-22T18:44:51.558+02:00,   0.344E-02, 316.53326,   0.193E+05
  48000,2021-08-22T18:45:42.114+02:00,   0.372E-02, 316.88558,   0.193E+05
  48100,2021-08-22T18:46:32.370+02:00,   0.332E-02, 317.23354,   0.194E+05
  48200,2021-08-22T18:47:22.959+02:00,   0.361E-02, 317.57442,   0.194E+05
  48300,2021-08-22T18:48:13.517+02:00,   0.366E-02, 317.92741,   0.195E+05
  48400,2021-08-22T18:49:04.301+02:00,   0.353E-02, 318.27035,   0.195E+05
  48500,2021-08-22T18:49:54.948+02:00,   0.338E-02, 318.62602,   0.196E+05
  48600,2021-08-22T18:50:45.672+02:00,   0.355E-02, 318.97150,   0.196E+05
  48700,2021-08-22T18:51:36.538+02:00,   0.390E-02, 319.32224,   0.197E+05
  48800,2021-08-22T18:52:27.480+02:00,   0.333E-02, 319.65921,   0.197E+05
  48900,2021-08-22T18:53:18.337+02:00,   0.288E-02, 320.00984,   0.198E+05
  49000,2021-08-22T18:54:08.937+02:00,   0.376E-02, 320.36071,   0.198E+05
  49100,2021-08-22T18:55:00.363+02:00,   0.366E-02, 320.69974,   0.199E+05
  49200,2021-08-22T18:55:51.708+02:00,   0.352E-02, 321.05309,   0.199E+05
  49300,2021-08-22T18:56:42.347+02:00,   0.353E-02, 321.40540,   0.200E+05
  49400,2021-08-22T18:57:34.052+02:00,   0.363E-02, 321.75250,   0.200E+05
  49500,2021-08-22T18:58:25.251+02:00,   0.296E-02, 322.09782,   0.201E+05
  49600,2021-08-22T18:59:17.002+02:00,   0.374E-02, 322.44666,   0.201E+05
  49700,2021-08-22T19:00:08.403+02:00,   0.376E-02, 322.80009,   0.202E+05
  49800,2021-08-22T19:01:00.335+02:00,   0.314E-02, 323.14332,   0.203E+05
  49900,2021-08-22T19:01:51.912+02:00,   0.306E-02, 323.48802,   0.203E+05
  50000,2021-08-22T19:02:42.506+02:00,   0.379E-02, 323.83337,   0.204E+05
  50100,2021-08-22T19:03:35.127+02:00,   0.328E-02, 324.17965,   0.204E+05
  50200,2021-08-22T19:04:26.361+02:00,   0.368E-02, 324.53361,   0.205E+05
  50300,2021-08-22T19:05:18.016+02:00,   0.372E-02, 324.88724,   0.205E+05
  50400,2021-08-22T19:06:09.875+02:00,   0.377E-02, 325.22580,   0.206E+05
  50500,2021-08-22T19:07:01.358+02:00,   0.358E-02, 325.58038,   0.206E+05
  50600,2021-08-22T19:07:53.596+02:00,   0.348E-02, 325.93218,   0.207E+05
  50700,2021-08-22T19:08:45.247+02:00,   0.335E-02, 326.26479,   0.207E+05
  50800,2021-08-22T19:09:37.222+02:00,   0.367E-02, 326.60868,   0.208E+05
  50900,2021-08-22T19:10:28.809+02:00,   0.370E-02, 326.95269,   0.208E+05
  51000,2021-08-22T19:11:21.522+02:00,   0.354E-02, 327.30724,   0.209E+05
  51100,2021-08-22T19:12:14.484+02:00,   0.260E-02, 327.65253,   0.209E+05
  51200,2021-08-22T19:13:06.596+02:00,   0.359E-02, 328.01039,   0.210E+05
  51300,2021-08-22T19:13:59.504+02:00,   0.388E-02, 328.35773,   0.210E+05
  51400,2021-08-22T19:14:51.471+02:00,   0.327E-02, 328.70945,   0.211E+05
  51500,2021-08-22T19:15:44.824+02:00,   0.387E-02, 329.06018,   0.211E+05
  51600,2021-08-22T19:16:38.265+02:00,   0.360E-02, 329.41421,   0.212E+05
  51700,2021-08-22T19:17:31.068+02:00,   0.334E-02, 329.76525,   0.212E+05
  51800,2021-08-22T19:18:23.811+02:00,   0.339E-02, 330.11576,   0.213E+05
  51900,2021-08-22T19:19:15.409+02:00,   0.333E-02, 330.45029,   0.213E+05
  52000,2021-08-22T19:20:06.977+02:00,   0.359E-02, 330.79535,   0.214E+05
  52100,2021-08-22T19:20:59.435+02:00,   0.301E-02, 331.14091,   0.214E+05
  52200,2021-08-22T19:21:52.712+02:00,   0.356E-02, 331.48625,   0.215E+05
  52300,2021-08-22T19:22:45.742+02:00,   0.329E-02, 331.83563,   0.216E+05
  52400,2021-08-22T19:23:38.291+02:00,   0.351E-02, 332.18535,   0.216E+05
  52500,2021-08-22T19:24:31.642+02:00,   0.283E-02, 332.53182,   0.217E+05
  52600,2021-08-22T19:25:24.547+02:00,   0.351E-02, 332.88039,   0.217E+05
  52700,2021-08-22T19:26:18.299+02:00,   0.341E-02, 333.22197,   0.218E+05
  52800,2021-08-22T19:27:11.654+02:00,   0.327E-02, 333.55943,   0.218E+05
  52900,2021-08-22T19:28:04.011+02:00,   0.375E-02, 333.90671,   0.219E+05
  53000,2021-08-22T19:28:57.794+02:00,   0.380E-02, 334.25706,   0.219E+05
  53100,2021-08-22T19:29:50.931+02:00,   0.400E-02, 334.60354,   0.220E+05
  53200,2021-08-22T19:30:43.981+02:00,   0.353E-02, 334.95235,   0.220E+05
  53300,2021-08-22T19:31:36.393+02:00,   0.386E-02, 335.30841,   0.221E+05
  53400,2021-08-22T19:32:30.305+02:00,   0.322E-02, 335.65378,   0.221E+05
  53500,2021-08-22T19:33:23.464+02:00,   0.359E-02, 335.99530,   0.222E+05
  53600,2021-08-22T19:34:17.308+02:00,   0.352E-02, 336.34167,   0.222E+05
  53700,2021-08-22T19:35:09.952+02:00,   0.356E-02, 336.68611,   0.223E+05
  53800,2021-08-22T19:36:01.940+02:00,   0.256E-02, 337.04172,   0.223E+05
  53900,2021-08-22T19:36:54.557+02:00,   0.310E-02, 337.39206,   0.224E+05
  54000,2021-08-22T19:37:47.301+02:00,   0.339E-02, 337.74084,   0.225E+05
  54100,2021-08-22T19:38:41.049+02:00,   0.295E-02, 338.08864,   0.225E+05
  54200,2021-08-22T19:39:33.967+02:00,   0.283E-02, 338.43908,   0.226E+05
  54300,2021-08-22T19:40:26.826+02:00,   0.385E-02, 338.78506,   0.226E+05
  54400,2021-08-22T19:41:21.189+02:00,   0.402E-02, 339.13457,   0.227E+05
  54500,2021-08-22T19:42:14.677+02:00,   0.340E-02, 339.47878,   0.227E+05
  54600,2021-08-22T19:43:07.943+02:00,   0.378E-02, 339.83535,   0.228E+05
  54700,2021-08-22T19:44:00.917+02:00,   0.364E-02, 340.18396,   0.228E+05
  54800,2021-08-22T19:44:54.783+02:00,   0.358E-02, 340.53025,   0.229E+05
  54900,2021-08-22T19:45:47.823+02:00,   0.321E-02, 340.87236,   0.229E+05
  55000,2021-08-22T19:46:40.877+02:00,   0.314E-02, 341.21746,   0.230E+05
  55100,2021-08-22T19:47:33.570+02:00,   0.346E-02, 341.57077,   0.230E+05
  55200,2021-08-22T19:48:26.610+02:00,   0.371E-02, 341.92024,   0.231E+05
  55300,2021-08-22T19:49:20.300+02:00,   0.333E-02, 342.27119,   0.231E+05
  55400,2021-08-22T19:50:13.591+02:00,   0.352E-02, 342.62255,   0.232E+05
  55500,2021-08-22T19:51:07.728+02:00,   0.330E-02, 342.97429,   0.233E+05
  55600,2021-08-22T19:52:02.007+02:00,   0.377E-02, 343.32645,   0.233E+05
  55700,2021-08-22T19:52:56.208+02:00,   0.333E-02, 343.67264,   0.234E+05
  55800,2021-08-22T19:53:49.770+02:00,   0.354E-02, 344.02307,   0.234E+05
  55900,2021-08-22T19:54:43.056+02:00,   0.347E-02, 344.36355,   0.235E+05
  56000,2021-08-22T19:55:36.032+02:00,   0.321E-02, 344.72353,   0.235E+05
  56100,2021-08-22T19:56:29.220+02:00,   0.391E-02, 345.06659,   0.236E+05
  56200,2021-08-22T19:57:22.303+02:00,   0.355E-02, 345.41614,   0.236E+05
  56300,2021-08-22T19:58:16.299+02:00,   0.390E-02, 345.76589,   0.237E+05
  56400,2021-08-22T19:59:09.998+02:00,   0.395E-02, 346.12285,   0.237E+05
  56500,2021-08-22T20:00:03.986+02:00,   0.309E-02, 346.46927,   0.238E+05
  56600,2021-08-22T20:00:57.453+02:00,   0.345E-02, 346.81125,   0.238E+05
  56700,2021-08-22T20:01:50.633+02:00,   0.352E-02, 347.15974,   0.239E+05
  56800,2021-08-22T20:02:44.454+02:00,   0.381E-02, 347.51775,   0.239E+05
  56900,2021-08-22T20:03:37.212+02:00,   0.347E-02, 347.87447,   0.240E+05
  57000,2021-08-22T20:04:30.805+02:00,   0.319E-02, 348.22347,   0.241E+05
  57100,2021-08-22T20:05:24.049+02:00,   0.319E-02, 348.57567,   0.241E+05
  57200,2021-08-22T20:06:17.422+02:00,   0.362E-02, 348.91091,   0.242E+05
  57300,2021-08-22T20:07:10.648+02:00,   0.389E-02, 349.25424,   0.242E+05
  57400,2021-08-22T20:08:04.383+02:00,   0.365E-02, 349.60275,   0.243E+05
  57500,2021-08-22T20:08:58.710+02:00,   0.319E-02, 349.95172,   0.243E+05
  57600,2021-08-22T20:09:53.113+02:00,   0.329E-02, 350.30531,   0.244E+05
  57700,2021-08-22T20:10:48.648+02:00,   0.327E-02, 350.65974,   0.244E+05
  57800,2021-08-22T20:11:44.906+02:00,   0.380E-02, 351.01406,   0.245E+05
  57900,2021-08-22T20:12:41.030+02:00,   0.342E-02, 351.35695,   0.245E+05
  58000,2021-08-22T20:13:37.908+02:00,   0.336E-02, 351.71360,   0.246E+05
  58100,2021-08-22T20:14:34.168+02:00,   0.303E-02, 352.06442,   0.247E+05
  58200,2021-08-22T20:15:30.967+02:00,   0.317E-02, 352.41549,   0.247E+05
  58300,2021-08-22T20:16:27.050+02:00,   0.367E-02, 352.76930,   0.248E+05
  58400,2021-08-22T20:17:23.720+02:00,   0.400E-02, 353.12325,   0.248E+05
  58500,2021-08-22T20:18:21.265+02:00,   0.255E-02, 353.46078,   0.249E+05
  58600,2021-08-22T20:19:17.378+02:00,   0.345E-02, 353.80561,   0.249E+05
  58700,2021-08-22T20:20:13.966+02:00,   0.359E-02, 354.16313,   0.250E+05
  58800,2021-08-22T20:21:10.366+02:00,   0.350E-02, 354.51540,   0.251E+05
  58900,2021-08-22T20:22:06.949+02:00,   0.340E-02, 354.85935,   0.251E+05
  59000,2021-08-22T20:23:00.735+02:00,   0.349E-02, 355.20840,   0.252E+05
  59100,2021-08-22T20:23:54.172+02:00,   0.373E-02, 355.54930,   0.252E+05
  59200,2021-08-22T20:24:48.430+02:00,   0.387E-02, 355.89909,   0.253E+05
  59300,2021-08-22T20:25:42.680+02:00,   0.296E-02, 356.24448,   0.253E+05
  59400,2021-08-22T20:26:37.839+02:00,   0.328E-02, 356.58838,   0.254E+05
  59500,2021-08-22T20:27:32.817+02:00,   0.326E-02, 356.93399,   0.254E+05
  59600,2021-08-22T20:28:28.481+02:00,   0.362E-02, 357.28953,   0.255E+05
  59700,2021-08-22T20:29:25.113+02:00,   0.364E-02, 357.63197,   0.255E+05
  59800,2021-08-22T20:30:20.609+02:00,   0.364E-02, 357.98729,   0.256E+05
  59900,2021-08-22T20:31:16.829+02:00,   0.350E-02, 358.34536,   0.257E+05
  60000,2021-08-22T20:32:12.445+02:00,   0.359E-02, 358.69427,   0.257E+05
  60100,2021-08-22T20:33:08.804+02:00,   0.319E-02, 359.04537,   0.258E+05
  60200,2021-08-22T20:34:04.487+02:00,   0.338E-02, 359.38932,   0.258E+05
  60300,2021-08-22T20:35:00.780+02:00,   0.357E-02, 359.73905,   0.259E+05
  60400,2021-08-22T20:35:57.279+02:00,   0.359E-02, 360.07381,   0.259E+05
  60500,2021-08-22T20:36:53.054+02:00,   0.374E-02, 360.42711,   0.260E+05
  60600,2021-08-22T20:37:50.121+02:00,   0.344E-02, 360.78749,   0.260E+05
  60700,2021-08-22T20:38:46.174+02:00,   0.319E-02, 361.13859,   0.261E+05
  60800,2021-08-22T20:39:42.199+02:00,   0.356E-02, 361.49098,   0.262E+05
  60900,2021-08-22T20:40:38.527+02:00,   0.373E-02, 361.84915,   0.262E+05
  61000,2021-08-22T20:41:34.732+02:00,   0.366E-02, 362.19905,   0.263E+05
  61100,2021-08-22T20:42:30.799+02:00,   0.343E-02, 362.54805,   0.263E+05
  61200,2021-08-22T20:43:26.818+02:00,   0.355E-02, 362.89702,   0.264E+05
  61300,2021-08-22T20:44:22.770+02:00,   0.403E-02, 363.25274,   0.264E+05
  61400,2021-08-22T20:45:18.240+02:00,   0.321E-02, 363.61131,   0.265E+05
  61500,2021-08-22T20:46:13.447+02:00,   0.310E-02, 363.95005,   0.265E+05
  61600,2021-08-22T20:47:08.640+02:00,   0.331E-02, 364.29922,   0.266E+05
  61700,2021-08-22T20:48:04.648+02:00,   0.321E-02, 364.64840,   0.267E+05
  61800,2021-08-22T20:49:11.435+02:00,   0.303E-02, 365.00888,   0.267E+05
  61900,2021-08-22T20:50:21.902+02:00,   0.314E-02, 365.35643,   0.268E+05
  62000,2021-08-22T20:51:32.095+02:00,   0.281E-02, 365.70069,   0.269E+05
  62100,2021-08-22T20:52:42.515+02:00,   0.335E-02, 366.05314,   0.269E+05
  62200,2021-08-22T20:53:41.278+02:00,   0.356E-02, 366.40481,   0.270E+05
  62300,2021-08-22T20:54:35.757+02:00,   0.359E-02, 366.74873,   0.271E+05
  62400,2021-08-22T20:55:30.588+02:00,   0.299E-02, 367.09592,   0.271E+05
  62500,2021-08-22T20:56:25.527+02:00,   0.353E-02, 367.44880,   0.272E+05
  62600,2021-08-22T20:57:20.410+02:00,   0.361E-02, 367.79732,   0.272E+05
  62700,2021-08-22T20:58:15.632+02:00,   0.328E-02, 368.15200,   0.273E+05
  62800,2021-08-22T20:59:10.813+02:00,   0.352E-02, 368.50966,   0.273E+05
  62900,2021-08-22T21:00:06.024+02:00,   0.357E-02, 368.85475,   0.274E+05
  63000,2021-08-22T21:01:01.373+02:00,   0.358E-02, 369.20731,   0.274E+05
  63100,2021-08-22T21:01:55.795+02:00,   0.376E-02, 369.56496,   0.275E+05
  63200,2021-08-22T21:02:51.337+02:00,   0.394E-02, 369.89684,   0.275E+05
  63300,2021-08-22T21:03:46.801+02:00,   0.358E-02, 370.24792,   0.276E+05
  63400,2021-08-22T21:04:41.822+02:00,   0.400E-02, 370.59798,   0.277E+05
  63500,2021-08-22T21:05:37.650+02:00,   0.333E-02, 370.95181,   0.277E+05
  63600,2021-08-22T21:06:32.851+02:00,   0.343E-02, 371.29488,   0.278E+05
  63700,2021-08-22T21:07:27.976+02:00,   0.339E-02, 371.64290,   0.278E+05
  63800,2021-08-22T21:08:23.343+02:00,   0.351E-02, 371.98804,   0.279E+05
  63900,2021-08-22T21:09:18.774+02:00,   0.325E-02, 372.33053,   0.279E+05
  64000,2021-08-22T21:10:14.092+02:00,   0.362E-02, 372.68314,   0.280E+05
  64100,2021-08-22T21:11:09.567+02:00,   0.383E-02, 373.03443,   0.280E+05
  64200,2021-08-22T21:12:05.233+02:00,   0.334E-02, 373.38427,   0.281E+05
  64300,2021-08-22T21:12:59.904+02:00,   0.354E-02, 373.72952,   0.282E+05
  64400,2021-08-22T21:13:55.189+02:00,   0.329E-02, 374.06948,   0.282E+05
  64500,2021-08-22T21:14:50.365+02:00,   0.331E-02, 374.42112,   0.283E+05
  64600,2021-08-22T21:15:45.426+02:00,   0.327E-02, 374.76162,   0.283E+05
  64700,2021-08-22T21:16:40.828+02:00,   0.360E-02, 375.11016,   0.284E+05
  64800,2021-08-22T21:17:36.311+02:00,   0.395E-02, 375.46245,   0.284E+05
  64900,2021-08-22T21:18:31.917+02:00,   0.438E-02, 375.79946,   0.285E+05
  65000,2021-08-22T21:19:27.436+02:00,   0.345E-02, 376.15308,   0.285E+05
  65100,2021-08-22T21:20:22.707+02:00,   0.376E-02, 376.50151,   0.286E+05
  65200,2021-08-22T21:21:18.581+02:00,   0.339E-02, 376.84488,   0.287E+05
  65300,2021-08-22T21:22:13.898+02:00,   0.346E-02, 377.19265,   0.287E+05
  65400,2021-08-22T21:23:09.776+02:00,   0.272E-02, 377.53903,   0.288E+05
  65500,2021-08-22T21:24:04.988+02:00,   0.360E-02, 377.88237,   0.288E+05
  65600,2021-08-22T21:25:00.437+02:00,   0.376E-02, 378.22750,   0.289E+05
  65700,2021-08-22T21:25:56.004+02:00,   0.326E-02, 378.57849,   0.289E+05
  65800,2021-08-22T21:26:51.681+02:00,   0.344E-02, 378.93297,   0.290E+05
  65900,2021-08-22T21:27:47.359+02:00,   0.361E-02, 379.28169,   0.290E+05
  66000,2021-08-22T21:28:42.467+02:00,   0.377E-02, 379.62923,   0.291E+05
  66100,2021-08-22T21:29:38.037+02:00,   0.312E-02, 379.98168,   0.291E+05
  66200,2021-08-22T21:30:33.604+02:00,   0.358E-02, 380.33056,   0.292E+05
  66300,2021-08-22T21:31:29.911+02:00,   0.344E-02, 380.68087,   0.293E+05
  66400,2021-08-22T21:32:25.369+02:00,   0.360E-02, 381.02793,   0.293E+05
  66500,2021-08-22T21:33:21.308+02:00,   0.301E-02, 381.37746,   0.294E+05
  66600,2021-08-22T21:34:16.515+02:00,   0.321E-02, 381.72729,   0.294E+05
  66700,2021-08-22T21:35:11.981+02:00,   0.290E-02, 382.07874,   0.295E+05
  66800,2021-08-22T21:36:07.699+02:00,   0.381E-02, 382.42144,   0.295E+05
  66900,2021-08-22T21:37:03.852+02:00,   0.316E-02, 382.75873,   0.296E+05
  67000,2021-08-22T21:37:59.666+02:00,   0.294E-02, 383.11421,   0.296E+05
  67100,2021-08-22T21:38:55.280+02:00,   0.358E-02, 383.46434,   0.297E+05
  67200,2021-08-22T21:39:51.099+02:00,   0.320E-02, 383.80209,   0.298E+05
  67300,2021-08-22T21:40:47.302+02:00,   0.340E-02, 384.14894,   0.298E+05
  67400,2021-08-22T21:41:42.805+02:00,   0.339E-02, 384.50643,   0.299E+05
  67500,2021-08-22T21:42:38.866+02:00,   0.379E-02, 384.85802,   0.299E+05
  67600,2021-08-22T21:43:34.920+02:00,   0.378E-02, 385.20966,   0.300E+05
  67700,2021-08-22T21:44:30.278+02:00,   0.398E-02, 385.55750,   0.300E+05
  67800,2021-08-22T21:45:26.416+02:00,   0.353E-02, 385.90302,   0.301E+05
  67900,2021-08-22T21:46:21.587+02:00,   0.316E-02, 386.25120,   0.302E+05
  68000,2021-08-22T21:47:16.393+02:00,   0.368E-02, 386.60292,   0.302E+05
  68100,2021-08-22T21:48:11.592+02:00,   0.377E-02, 386.95539,   0.303E+05
  68200,2021-08-22T21:49:07.227+02:00,   0.311E-02, 387.30920,   0.303E+05
  68300,2021-08-22T21:50:02.854+02:00,   0.361E-02, 387.66377,   0.304E+05
  68400,2021-08-22T21:50:58.584+02:00,   0.309E-02, 388.01295,   0.304E+05
  68500,2021-08-22T21:51:54.013+02:00,   0.323E-02, 388.36020,   0.305E+05
  68600,2021-08-22T21:52:49.713+02:00,   0.372E-02, 388.69828,   0.305E+05
  68700,2021-08-22T21:53:45.637+02:00,   0.284E-02, 389.04644,   0.306E+05
  68800,2021-08-22T21:54:41.395+02:00,   0.379E-02, 389.39077,   0.306E+05
  68900,2021-08-22T21:55:37.396+02:00,   0.344E-02, 389.73832,   0.307E+05
  69000,2021-08-22T21:56:33.295+02:00,   0.359E-02, 390.08948,   0.308E+05
  69100,2021-08-22T21:57:28.570+02:00,   0.361E-02, 390.43444,   0.308E+05
  69200,2021-08-22T21:58:27.015+02:00,   0.378E-02, 390.77934,   0.309E+05
  69300,2021-08-22T21:59:22.705+02:00,   0.340E-02, 391.13243,   0.309E+05
  69400,2021-08-22T22:00:18.181+02:00,   0.327E-02, 391.48593,   0.310E+05
  69500,2021-08-22T22:01:13.707+02:00,   0.373E-02, 391.83956,   0.310E+05
  69600,2021-08-22T22:02:09.553+02:00,   0.373E-02, 392.18985,   0.311E+05
  69700,2021-08-22T22:03:05.589+02:00,   0.334E-02, 392.53538,   0.312E+05
  69800,2021-08-22T22:04:01.254+02:00,   0.378E-02, 392.88247,   0.312E+05
  69900,2021-08-22T22:04:57.626+02:00,   0.363E-02, 393.23006,   0.313E+05
  70000,2021-08-22T22:05:53.034+02:00,   0.342E-02, 393.57872,   0.313E+05
  70100,2021-08-22T22:06:49.166+02:00,   0.393E-02, 393.92722,   0.314E+05
  70200,2021-08-22T22:07:45.410+02:00,   0.315E-02, 394.27729,   0.314E+05
  70300,2021-08-22T22:08:40.968+02:00,   0.351E-02, 394.62358,   0.315E+05
  70400,2021-08-22T22:09:36.911+02:00,   0.359E-02, 394.96860,   0.315E+05
  70500,2021-08-22T22:10:32.225+02:00,   0.375E-02, 395.31602,   0.316E+05
  70600,2021-08-22T22:11:28.386+02:00,   0.338E-02, 395.66468,   0.317E+05
  70700,2021-08-22T22:12:24.391+02:00,   0.339E-02, 396.01370,   0.317E+05
  70800,2021-08-22T22:13:20.051+02:00,   0.354E-02, 396.36288,   0.318E+05
  70900,2021-08-22T22:14:15.891+02:00,   0.384E-02, 396.71615,   0.318E+05
  71000,2021-08-22T22:15:11.510+02:00,   0.349E-02, 397.07867,   0.319E+05
  71100,2021-08-22T22:16:07.919+02:00,   0.314E-02, 397.42317,   0.319E+05
  71200,2021-08-22T22:17:03.825+02:00,   0.344E-02, 397.77146,   0.320E+05
  71300,2021-08-22T22:18:00.992+02:00,   0.327E-02, 398.11508,   0.320E+05
  71400,2021-08-22T22:18:57.558+02:00,   0.351E-02, 398.46655,   0.321E+05
  71500,2021-08-22T22:19:53.164+02:00,   0.329E-02, 398.82219,   0.322E+05
  71600,2021-08-22T22:20:49.408+02:00,   0.336E-02, 399.17084,   0.322E+05
  71700,2021-08-22T22:21:45.824+02:00,   0.350E-02, 399.52476,   0.323E+05
  71800,2021-08-22T22:22:42.525+02:00,   0.327E-02, 399.87809,   0.323E+05
  71900,2021-08-22T22:23:39.372+02:00,   0.352E-02, 400.22986,   0.324E+05
  72000,2021-08-22T22:24:35.608+02:00,   0.352E-02, 400.57465,   0.324E+05
  72100,2021-08-22T22:25:32.363+02:00,   0.355E-02, 400.91712,   0.325E+05
  72200,2021-08-22T22:26:28.852+02:00,   0.329E-02, 401.26361,   0.326E+05
  72300,2021-08-22T22:27:25.745+02:00,   0.396E-02, 401.62140,   0.326E+05
  72400,2021-08-22T22:28:22.284+02:00,   0.290E-02, 401.97625,   0.327E+05
  72500,2021-08-22T22:29:19.043+02:00,   0.340E-02, 402.32975,   0.327E+05
  72600,2021-08-22T22:30:15.577+02:00,   0.358E-02, 402.67945,   0.328E+05
  72700,2021-08-22T22:31:11.982+02:00,   0.383E-02, 403.01642,   0.328E+05
  72800,2021-08-22T22:32:08.687+02:00,   0.314E-02, 403.36711,   0.329E+05
  72900,2021-08-22T22:33:04.869+02:00,   0.364E-02, 403.72046,   0.329E+05
  73000,2021-08-22T22:34:01.702+02:00,   0.329E-02, 404.06430,   0.330E+05
  73100,2021-08-22T22:34:57.990+02:00,   0.360E-02, 404.40826,   0.331E+05
  73200,2021-08-22T22:35:54.183+02:00,   0.354E-02, 404.75752,   0.331E+05
  73300,2021-08-22T22:36:50.820+02:00,   0.351E-02, 405.11136,   0.332E+05
  73400,2021-08-22T22:37:47.090+02:00,   0.327E-02, 405.44409,   0.332E+05
  73500,2021-08-22T22:38:44.040+02:00,   0.335E-02, 405.78982,   0.333E+05
  73600,2021-08-22T22:39:39.981+02:00,   0.395E-02, 406.14510,   0.333E+05
  73700,2021-08-22T22:40:36.900+02:00,   0.339E-02, 406.49326,   0.334E+05
  73800,2021-08-22T22:41:33.683+02:00,   0.343E-02, 406.83461,   0.335E+05
  73900,2021-08-22T22:42:29.831+02:00,   0.370E-02, 407.18839,   0.335E+05
  74000,2021-08-22T22:43:26.339+02:00,   0.376E-02, 407.53048,   0.336E+05
  74100,2021-08-22T22:44:22.786+02:00,   0.324E-02, 407.87512,   0.336E+05
  74200,2021-08-22T22:45:19.403+02:00,   0.343E-02, 408.21107,   0.337E+05
  74300,2021-08-22T22:46:15.660+02:00,   0.353E-02, 408.55189,   0.337E+05
  74400,2021-08-22T22:47:12.506+02:00,   0.344E-02, 408.89573,   0.338E+05
  74500,2021-08-22T22:48:09.188+02:00,   0.354E-02, 409.23792,   0.338E+05
  74600,2021-08-22T22:49:05.794+02:00,   0.368E-02, 409.57745,   0.339E+05
  74700,2021-08-22T22:50:02.954+02:00,   0.357E-02, 409.93095,   0.340E+05
  74800,2021-08-22T22:50:59.324+02:00,   0.376E-02, 410.27297,   0.340E+05
  74900,2021-08-22T22:51:56.375+02:00,   0.387E-02, 410.61991,   0.341E+05
  75000,2021-08-22T22:52:53.351+02:00,   0.409E-02, 410.96814,   0.341E+05
  75100,2021-08-22T22:53:51.270+02:00,   0.288E-02, 411.31239,   0.342E+05
  75200,2021-08-22T22:54:48.109+02:00,   0.397E-02, 411.65633,   0.342E+05
  75300,2021-08-22T22:55:44.557+02:00,   0.361E-02, 412.00793,   0.343E+05
  75400,2021-08-22T22:56:41.655+02:00,   0.385E-02, 412.36400,   0.344E+05
  75500,2021-08-22T22:57:38.345+02:00,   0.334E-02, 412.72228,   0.344E+05
  75600,2021-08-22T22:58:35.418+02:00,   0.378E-02, 413.07844,   0.345E+05
  75700,2021-08-22T22:59:32.198+02:00,   0.323E-02, 413.43569,   0.345E+05
  75800,2021-08-22T23:00:28.549+02:00,   0.384E-02, 413.78497,   0.346E+05
  75900,2021-08-22T23:01:25.743+02:00,   0.271E-02, 414.14513,   0.346E+05
  76000,2021-08-22T23:02:22.855+02:00,   0.335E-02, 414.49066,   0.347E+05
  76100,2021-08-22T23:03:19.258+02:00,   0.366E-02, 414.84010,   0.348E+05
  76200,2021-08-22T23:04:15.615+02:00,   0.347E-02, 415.18635,   0.348E+05
  76300,2021-08-22T23:05:12.457+02:00,   0.330E-02, 415.53827,   0.349E+05
  76400,2021-08-22T23:06:09.133+02:00,   0.352E-02, 415.87870,   0.349E+05
  76500,2021-08-22T23:07:05.726+02:00,   0.309E-02, 416.22245,   0.350E+05
  76600,2021-08-22T23:08:02.414+02:00,   0.349E-02, 416.57571,   0.350E+05
  76700,2021-08-22T23:08:58.683+02:00,   0.343E-02, 416.93127,   0.351E+05
  76800,2021-08-22T23:09:55.369+02:00,   0.405E-02, 417.28682,   0.352E+05
  76900,2021-08-22T23:10:52.098+02:00,   0.351E-02, 417.64320,   0.352E+05
  77000,2021-08-22T23:11:49.172+02:00,   0.392E-02, 417.99367,   0.353E+05
  77100,2021-08-22T23:12:45.936+02:00,   0.364E-02, 418.34444,   0.353E+05
  77200,2021-08-22T23:13:42.509+02:00,   0.319E-02, 418.68708,   0.354E+05
  77300,2021-08-22T23:14:39.495+02:00,   0.337E-02, 419.04068,   0.354E+05
  77400,2021-08-22T23:15:36.023+02:00,   0.325E-02, 419.37748,   0.355E+05
  77500,2021-08-22T23:16:33.172+02:00,   0.334E-02, 419.72344,   0.355E+05
  77600,2021-08-22T23:17:29.900+02:00,   0.377E-02, 420.07101,   0.356E+05
  77700,2021-08-22T23:18:26.732+02:00,   0.309E-02, 420.41926,   0.357E+05
  77800,2021-08-22T23:19:24.099+02:00,   0.337E-02, 420.76360,   0.357E+05
  77900,2021-08-22T23:20:20.414+02:00,   0.335E-02, 421.10322,   0.358E+05
  78000,2021-08-22T23:21:17.419+02:00,   0.354E-02, 421.45094,   0.358E+05
  78100,2021-08-22T23:22:13.607+02:00,   0.374E-02, 421.79561,   0.359E+05
  78200,2021-08-22T23:23:10.404+02:00,   0.335E-02, 422.14665,   0.359E+05
  78300,2021-08-22T23:24:07.333+02:00,   0.366E-02, 422.49325,   0.360E+05
  78400,2021-08-22T23:25:03.571+02:00,   0.373E-02, 422.83235,   0.361E+05
  78500,2021-08-22T23:26:00.429+02:00,   0.356E-02, 423.17429,   0.361E+05
  78600,2021-08-22T23:26:57.183+02:00,   0.344E-02, 423.52674,   0.362E+05
  78700,2021-08-22T23:27:54.710+02:00,   0.334E-02, 423.87244,   0.362E+05
  78800,2021-08-22T23:28:51.682+02:00,   0.269E-02, 424.21539,   0.363E+05
  78900,2021-08-22T23:29:48.137+02:00,   0.364E-02, 424.56209,   0.363E+05
  79000,2021-08-22T23:30:45.097+02:00,   0.354E-02, 424.90839,   0.364E+05
  79100,2021-08-22T23:31:41.791+02:00,   0.368E-02, 425.25918,   0.365E+05
  79200,2021-08-22T23:32:38.802+02:00,   0.358E-02, 425.60793,   0.365E+05
  79300,2021-08-22T23:33:35.401+02:00,   0.347E-02, 425.95996,   0.366E+05
  79400,2021-08-22T23:34:32.433+02:00,   0.387E-02, 426.31144,   0.366E+05
  79500,2021-08-22T23:35:29.882+02:00,   0.366E-02, 426.66149,   0.367E+05
  79600,2021-08-22T23:36:26.522+02:00,   0.370E-02, 427.01526,   0.367E+05
  79700,2021-08-22T23:37:24.006+02:00,   0.340E-02, 427.35368,   0.368E+05
  79800,2021-08-22T23:38:21.175+02:00,   0.396E-02, 427.70508,   0.369E+05
  79900,2021-08-22T23:39:18.684+02:00,   0.419E-02, 428.05701,   0.369E+05
  80000,2021-08-22T23:40:15.970+02:00,   0.356E-02, 428.40310,   0.370E+05
  80100,2021-08-22T23:41:12.916+02:00,   0.340E-02, 428.74955,   0.370E+05
  80200,2021-08-22T23:42:10.184+02:00,   0.346E-02, 429.10810,   0.371E+05
  80300,2021-08-22T23:43:06.929+02:00,   0.347E-02, 429.44504,   0.371E+05
  80400,2021-08-22T23:44:03.842+02:00,   0.379E-02, 429.79646,   0.372E+05
  80500,2021-08-22T23:45:00.271+02:00,   0.322E-02, 430.14066,   0.373E+05
  80600,2021-08-22T23:45:56.536+02:00,   0.369E-02, 430.49024,   0.373E+05
  80700,2021-08-22T23:46:53.425+02:00,   0.394E-02, 430.84379,   0.374E+05
  80800,2021-08-22T23:47:49.634+02:00,   0.365E-02, 431.19320,   0.374E+05
  80900,2021-08-22T23:48:46.286+02:00,   0.401E-02, 431.53704,   0.375E+05
  81000,2021-08-22T23:49:43.096+02:00,   0.361E-02, 431.88572,   0.375E+05
  81100,2021-08-22T23:50:39.790+02:00,   0.398E-02, 432.23146,   0.376E+05
  81200,2021-08-22T23:51:36.299+02:00,   0.359E-02, 432.58332,   0.376E+05
  81300,2021-08-22T23:52:32.651+02:00,   0.398E-02, 432.94423,   0.377E+05
  81400,2021-08-22T23:53:29.426+02:00,   0.369E-02, 433.30089,   0.378E+05
  81500,2021-08-22T23:54:25.817+02:00,   0.364E-02, 433.65430,   0.378E+05
  81600,2021-08-22T23:55:22.394+02:00,   0.331E-02, 434.00649,   0.379E+05
  81700,2021-08-22T23:56:18.543+02:00,   0.356E-02, 434.35348,   0.379E+05
  81800,2021-08-22T23:57:15.396+02:00,   0.350E-02, 434.69589,   0.380E+05
  81900,2021-08-22T23:58:12.800+02:00,   0.373E-02, 435.03914,   0.380E+05
  82000,2021-08-22T23:59:09.524+02:00,   0.360E-02, 435.39688,   0.381E+05
  82100,2021-08-23T00:00:06.220+02:00,   0.330E-02, 435.74994,   0.382E+05
  82200,2021-08-23T00:01:03.088+02:00,   0.348E-02, 436.10703,   0.382E+05
  82300,2021-08-23T00:02:00.128+02:00,   0.316E-02, 436.45616,   0.383E+05
  82400,2021-08-23T00:02:57.186+02:00,   0.391E-02, 436.80968,   0.383E+05
  82500,2021-08-23T00:03:54.040+02:00,   0.353E-02, 437.16329,   0.384E+05
  82600,2021-08-23T00:04:51.120+02:00,   0.377E-02, 437.51995,   0.384E+05
  82700,2021-08-23T00:05:48.082+02:00,   0.311E-02, 437.86721,   0.385E+05
  82800,2021-08-23T00:06:45.386+02:00,   0.364E-02, 438.20815,   0.386E+05
  82900,2021-08-23T00:07:42.204+02:00,   0.327E-02, 438.56547,   0.386E+05
  83000,2021-08-23T00:08:39.318+02:00,   0.334E-02, 438.91620,   0.387E+05
  83100,2021-08-23T00:09:36.260+02:00,   0.309E-02, 439.28289,   0.387E+05
  83200,2021-08-23T00:10:33.453+02:00,   0.368E-02, 439.61580,   0.388E+05
  83300,2021-08-23T00:11:30.555+02:00,   0.384E-02, 439.97009,   0.388E+05
  83400,2021-08-23T00:12:27.561+02:00,   0.373E-02, 440.31822,   0.389E+05
  83500,2021-08-23T00:13:24.662+02:00,   0.353E-02, 440.67099,   0.390E+05
  83600,2021-08-23T00:14:21.618+02:00,   0.338E-02, 441.01928,   0.390E+05
  83700,2021-08-23T00:15:17.901+02:00,   0.383E-02, 441.37501,   0.391E+05
  83800,2021-08-23T00:16:14.827+02:00,   0.362E-02, 441.72835,   0.391E+05
  83900,2021-08-23T00:17:11.041+02:00,   0.319E-02, 442.07139,   0.392E+05
  84000,2021-08-23T00:18:08.275+02:00,   0.362E-02, 442.41762,   0.392E+05
  84100,2021-08-23T00:19:05.329+02:00,   0.326E-02, 442.75567,   0.393E+05
  84200,2021-08-23T00:20:02.150+02:00,   0.363E-02, 443.10866,   0.393E+05
  84300,2021-08-23T00:20:59.878+02:00,   0.321E-02, 443.45589,   0.394E+05
  84400,2021-08-23T00:21:56.335+02:00,   0.390E-02, 443.81553,   0.395E+05
  84500,2021-08-23T00:22:53.584+02:00,   0.331E-02, 444.16262,   0.395E+05
  84600,2021-08-23T00:23:50.787+02:00,   0.369E-02, 444.51488,   0.396E+05
  84700,2021-08-23T00:24:47.804+02:00,   0.380E-02, 444.87154,   0.396E+05
  84800,2021-08-23T00:25:44.713+02:00,   0.337E-02, 445.22134,   0.397E+05
  84900,2021-08-23T00:26:41.463+02:00,   0.362E-02, 445.56475,   0.397E+05
  85000,2021-08-23T00:27:38.968+02:00,   0.357E-02, 445.90962,   0.398E+05
  85100,2021-08-23T00:28:36.044+02:00,   0.369E-02, 446.26311,   0.399E+05
  85200,2021-08-23T00:29:33.927+02:00,   0.349E-02, 446.61500,   0.399E+05
  85300,2021-08-23T00:30:31.348+02:00,   0.373E-02, 446.96506,   0.400E+05
  85400,2021-08-23T00:31:28.984+02:00,   0.371E-02, 447.32541,   0.400E+05
  85500,2021-08-23T00:32:26.477+02:00,   0.340E-02, 447.67445,   0.401E+05
  85600,2021-08-23T00:33:23.178+02:00,   0.322E-02, 448.02375,   0.401E+05
  85700,2021-08-23T00:34:20.306+02:00,   0.312E-02, 448.37112,   0.402E+05
  85800,2021-08-23T00:35:17.239+02:00,   0.336E-02, 448.72702,   0.403E+05
  85900,2021-08-23T00:36:14.192+02:00,   0.308E-02, 449.07931,   0.403E+05
  86000,2021-08-23T00:37:10.867+02:00,   0.351E-02, 449.42780,   0.404E+05
  86100,2021-08-23T00:38:08.215+02:00,   0.355E-02, 449.76908,   0.404E+05
  86200,2021-08-23T00:39:05.746+02:00,   0.341E-02, 450.11476,   0.405E+05
  86300,2021-08-23T00:40:02.835+02:00,   0.323E-02, 450.46089,   0.405E+05
  86400,2021-08-23T00:41:00.094+02:00,   0.346E-02, 450.80689,   0.406E+05
  86500,2021-08-23T00:41:57.130+02:00,   0.365E-02, 451.15152,   0.407E+05
  86600,2021-08-23T00:42:54.617+02:00,   0.365E-02, 451.49915,   0.407E+05
  86700,2021-08-23T00:43:51.709+02:00,   0.340E-02, 451.84604,   0.408E+05
  86800,2021-08-23T00:44:48.641+02:00,   0.358E-02, 452.18838,   0.408E+05
  86900,2021-08-23T00:45:46.207+02:00,   0.298E-02, 452.54276,   0.409E+05
  87000,2021-08-23T00:46:42.918+02:00,   0.358E-02, 452.89351,   0.409E+05
  87100,2021-08-23T00:47:40.057+02:00,   0.343E-02, 453.23308,   0.410E+05
  87200,2021-08-23T00:48:36.430+02:00,   0.327E-02, 453.57946,   0.411E+05
  87300,2021-08-23T00:49:33.921+02:00,   0.359E-02, 453.92516,   0.411E+05
  87400,2021-08-23T00:50:31.481+02:00,   0.294E-02, 454.26701,   0.412E+05
  87500,2021-08-23T00:51:28.611+02:00,   0.299E-02, 454.62339,   0.412E+05
  87600,2021-08-23T00:52:26.452+02:00,   0.371E-02, 454.98377,   0.413E+05
  87700,2021-08-23T00:53:23.380+02:00,   0.330E-02, 455.33834,   0.413E+05
  87800,2021-08-23T00:54:20.704+02:00,   0.284E-02, 455.67993,   0.414E+05
  87900,2021-08-23T00:55:17.774+02:00,   0.346E-02, 456.02555,   0.415E+05
  88000,2021-08-23T00:56:14.876+02:00,   0.313E-02, 456.36292,   0.415E+05
  88100,2021-08-23T00:57:12.310+02:00,   0.378E-02, 456.71618,   0.416E+05
  88200,2021-08-23T00:58:09.788+02:00,   0.333E-02, 457.05417,   0.416E+05
  88300,2021-08-23T00:59:07.213+02:00,   0.359E-02, 457.40122,   0.417E+05
  88400,2021-08-23T01:00:04.267+02:00,   0.360E-02, 457.75120,   0.417E+05
  88500,2021-08-23T01:01:02.134+02:00,   0.311E-02, 458.09511,   0.418E+05
  88600,2021-08-23T01:01:59.360+02:00,   0.362E-02, 458.44418,   0.419E+05
  88700,2021-08-23T01:02:56.027+02:00,   0.357E-02, 458.79462,   0.419E+05
  88800,2021-08-23T01:03:53.648+02:00,   0.353E-02, 459.14336,   0.420E+05
  88900,2021-08-23T01:04:51.236+02:00,   0.331E-02, 459.49567,   0.420E+05
  89000,2021-08-23T01:05:49.038+02:00,   0.359E-02, 459.84823,   0.421E+05
  89100,2021-08-23T01:06:46.070+02:00,   0.267E-02, 460.19192,   0.421E+05
  89200,2021-08-23T01:07:43.952+02:00,   0.351E-02, 460.53447,   0.422E+05
  89300,2021-08-23T01:08:41.509+02:00,   0.309E-02, 460.87972,   0.423E+05
  89400,2021-08-23T01:09:38.802+02:00,   0.357E-02, 461.22849,   0.423E+05
  89500,2021-08-23T01:10:35.912+02:00,   0.347E-02, 461.57620,   0.424E+05
  89600,2021-08-23T01:11:33.176+02:00,   0.327E-02, 461.92675,   0.424E+05
  89700,2021-08-23T01:12:30.830+02:00,   0.319E-02, 462.26833,   0.425E+05
  89800,2021-08-23T01:13:28.169+02:00,   0.352E-02, 462.61145,   0.425E+05
  89900,2021-08-23T01:14:24.942+02:00,   0.347E-02, 462.95729,   0.426E+05
  90000,2021-08-23T01:15:22.764+02:00,   0.366E-02, 463.30638,   0.427E+05
  90100,2021-08-23T01:16:20.108+02:00,   0.321E-02, 463.64483,   0.427E+05
  90200,2021-08-23T01:17:17.860+02:00,   0.293E-02, 463.99708,   0.428E+05
  90300,2021-08-23T01:18:15.286+02:00,   0.380E-02, 464.33640,   0.428E+05
  90400,2021-08-23T01:19:13.496+02:00,   0.346E-02, 464.68447,   0.429E+05
  90500,2021-08-23T01:20:11.405+02:00,   0.349E-02, 465.03015,   0.429E+05
  90600,2021-08-23T01:21:08.767+02:00,   0.330E-02, 465.37549,   0.430E+05
  90700,2021-08-23T01:22:06.615+02:00,   0.287E-02, 465.71993,   0.431E+05
  90800,2021-08-23T01:23:03.963+02:00,   0.351E-02, 466.06957,   0.431E+05
  90900,2021-08-23T01:24:01.730+02:00,   0.340E-02, 466.42399,   0.432E+05
  91000,2021-08-23T01:24:59.286+02:00,   0.348E-02, 466.76669,   0.432E+05
  91100,2021-08-23T01:25:57.119+02:00,   0.294E-02, 467.11208,   0.433E+05
  91200,2021-08-23T01:26:54.748+02:00,   0.291E-02, 467.46103,   0.433E+05
  91300,2021-08-23T01:27:52.364+02:00,   0.305E-02, 467.80503,   0.434E+05
  91400,2021-08-23T01:28:50.570+02:00,   0.315E-02, 468.16321,   0.435E+05
  91500,2021-08-23T01:29:47.742+02:00,   0.319E-02, 468.51551,   0.435E+05
  91600,2021-08-23T01:30:45.426+02:00,   0.348E-02, 468.86041,   0.436E+05
  91700,2021-08-23T01:31:43.864+02:00,   0.367E-02, 469.20429,   0.436E+05
  91800,2021-08-23T01:32:41.357+02:00,   0.381E-02, 469.56363,   0.437E+05
  91900,2021-08-23T01:33:39.340+02:00,   0.370E-02, 469.91265,   0.438E+05
  92000,2021-08-23T01:34:36.543+02:00,   0.415E-02, 470.26041,   0.438E+05
  92100,2021-08-23T01:35:34.404+02:00,   0.378E-02, 470.60873,   0.439E+05
  92200,2021-08-23T01:36:31.520+02:00,   0.346E-02, 470.95594,   0.439E+05
  92300,2021-08-23T01:37:29.015+02:00,   0.333E-02, 471.31007,   0.440E+05
  92400,2021-08-23T01:38:26.712+02:00,   0.326E-02, 471.65734,   0.440E+05
  92500,2021-08-23T01:39:23.414+02:00,   0.330E-02, 472.00372,   0.441E+05
  92600,2021-08-23T01:40:20.489+02:00,   0.346E-02, 472.35897,   0.442E+05
  92700,2021-08-23T01:41:17.509+02:00,   0.355E-02, 472.70155,   0.442E+05
  92800,2021-08-23T01:42:15.346+02:00,   0.355E-02, 473.04677,   0.443E+05
  92900,2021-08-23T01:43:11.989+02:00,   0.367E-02, 473.39482,   0.443E+05
  93000,2021-08-23T01:44:09.430+02:00,   0.364E-02, 473.74089,   0.444E+05
  93100,2021-08-23T01:45:07.649+02:00,   0.285E-02, 474.07633,   0.444E+05
  93200,2021-08-23T01:46:04.845+02:00,   0.347E-02, 474.41357,   0.445E+05
  93300,2021-08-23T01:47:03.036+02:00,   0.348E-02, 474.75683,   0.446E+05
  93400,2021-08-23T01:48:00.778+02:00,   0.370E-02, 475.11284,   0.446E+05
  93500,2021-08-23T01:48:59.478+02:00,   0.293E-02, 475.46514,   0.447E+05
  93600,2021-08-23T01:49:57.841+02:00,   0.348E-02, 475.81408,   0.447E+05
  93700,2021-08-23T01:50:55.797+02:00,   0.361E-02, 476.16065,   0.448E+05
  93800,2021-08-23T01:51:53.884+02:00,   0.353E-02, 476.51245,   0.448E+05
  93900,2021-08-23T01:52:52.122+02:00,   0.382E-02, 476.86815,   0.449E+05
  94000,2021-08-23T01:53:51.167+02:00,   0.313E-02, 477.21088,   0.450E+05
  94100,2021-08-23T01:54:49.467+02:00,   0.318E-02, 477.55533,   0.450E+05
  94200,2021-08-23T01:55:48.100+02:00,   0.337E-02, 477.89407,   0.451E+05
  94300,2021-08-23T01:56:46.517+02:00,   0.344E-02, 478.25742,   0.451E+05
  94400,2021-08-23T01:57:44.837+02:00,   0.346E-02, 478.60430,   0.452E+05
  94500,2021-08-23T01:58:43.084+02:00,   0.354E-02, 478.95057,   0.453E+05
  94600,2021-08-23T01:59:41.165+02:00,   0.341E-02, 479.29912,   0.453E+05
  94700,2021-08-23T02:00:39.573+02:00,   0.362E-02, 479.64703,   0.454E+05
  94800,2021-08-23T02:01:37.703+02:00,   0.344E-02, 479.99699,   0.454E+05
  94900,2021-08-23T02:02:35.841+02:00,   0.342E-02, 480.35580,   0.455E+05
  95000,2021-08-23T02:03:34.165+02:00,   0.334E-02, 480.70256,   0.455E+05
  95100,2021-08-23T02:04:32.679+02:00,   0.297E-02, 481.05166,   0.456E+05
  95200,2021-08-23T02:05:30.868+02:00,   0.366E-02, 481.40471,   0.457E+05
  95300,2021-08-23T02:06:28.347+02:00,   0.367E-02, 481.76427,   0.457E+05
  95400,2021-08-23T02:07:26.722+02:00,   0.374E-02, 482.12310,   0.458E+05
  95500,2021-08-23T02:08:25.338+02:00,   0.314E-02, 482.47495,   0.458E+05
  95600,2021-08-23T02:09:22.852+02:00,   0.343E-02, 482.81650,   0.459E+05
  95700,2021-08-23T02:10:21.281+02:00,   0.381E-02, 483.16843,   0.459E+05
  95800,2021-08-23T02:11:18.752+02:00,   0.375E-02, 483.52147,   0.460E+05
  95900,2021-08-23T02:12:16.977+02:00,   0.324E-02, 483.86443,   0.461E+05
  96000,2021-08-23T02:13:14.988+02:00,   0.338E-02, 484.21742,   0.461E+05
  96100,2021-08-23T02:14:12.916+02:00,   0.325E-02, 484.56117,   0.462E+05
  96200,2021-08-23T02:15:10.658+02:00,   0.341E-02, 484.90137,   0.462E+05
  96300,2021-08-23T02:16:08.592+02:00,   0.331E-02, 485.24124,   0.463E+05
  96400,2021-08-23T02:17:06.598+02:00,   0.353E-02, 485.59537,   0.464E+05
  96500,2021-08-23T02:18:04.179+02:00,   0.337E-02, 485.95385,   0.464E+05
  96600,2021-08-23T02:19:02.315+02:00,   0.376E-02, 486.30776,   0.465E+05
  96700,2021-08-23T02:20:00.607+02:00,   0.417E-02, 486.65581,   0.465E+05
  96800,2021-08-23T02:20:58.151+02:00,   0.340E-02, 487.00982,   0.466E+05
  96900,2021-08-23T02:21:56.789+02:00,   0.312E-02, 487.35637,   0.466E+05
  97000,2021-08-23T02:22:54.855+02:00,   0.347E-02, 487.70568,   0.467E+05
  97100,2021-08-23T02:23:53.093+02:00,   0.345E-02, 488.04988,   0.468E+05
  97200,2021-08-23T02:24:51.240+02:00,   0.307E-02, 488.40091,   0.468E+05
  97300,2021-08-23T02:25:48.927+02:00,   0.338E-02, 488.75044,   0.469E+05
  97400,2021-08-23T02:26:46.613+02:00,   0.370E-02, 489.09649,   0.469E+05
  97500,2021-08-23T02:27:44.211+02:00,   0.326E-02, 489.43948,   0.470E+05
  97600,2021-08-23T02:28:41.657+02:00,   0.298E-02, 489.79028,   0.470E+05
  97700,2021-08-23T02:29:39.133+02:00,   0.335E-02, 490.14342,   0.471E+05
  97800,2021-08-23T02:30:37.196+02:00,   0.332E-02, 490.48916,   0.472E+05
  97900,2021-08-23T02:31:34.875+02:00,   0.325E-02, 490.84422,   0.472E+05
  98000,2021-08-23T02:32:32.675+02:00,   0.320E-02, 491.20026,   0.473E+05
  98100,2021-08-23T02:33:30.793+02:00,   0.333E-02, 491.55135,   0.473E+05
  98200,2021-08-23T02:34:28.108+02:00,   0.352E-02, 491.90139,   0.474E+05
  98300,2021-08-23T02:35:26.527+02:00,   0.345E-02, 492.24157,   0.474E+05
  98400,2021-08-23T02:36:24.025+02:00,   0.371E-02, 492.58227,   0.475E+05
  98500,2021-08-23T02:37:21.889+02:00,   0.358E-02, 492.93218,   0.476E+05
  98600,2021-08-23T02:38:19.582+02:00,   0.359E-02, 493.27287,   0.476E+05
  98700,2021-08-23T02:39:17.303+02:00,   0.311E-02, 493.62500,   0.477E+05
  98800,2021-08-23T02:40:15.144+02:00,   0.324E-02, 493.97086,   0.477E+05
  98900,2021-08-23T02:41:12.516+02:00,   0.416E-02, 494.32072,   0.478E+05
  99000,2021-08-23T02:42:10.489+02:00,   0.335E-02, 494.67074,   0.479E+05
  99100,2021-08-23T02:43:08.266+02:00,   0.350E-02, 495.00745,   0.479E+05
  99200,2021-08-23T02:44:05.009+02:00,   0.351E-02, 495.35897,   0.480E+05
  99300,2021-08-23T02:45:02.567+02:00,   0.382E-02, 495.71231,   0.480E+05
  99400,2021-08-23T02:45:59.928+02:00,   0.331E-02, 496.06269,   0.481E+05
  99500,2021-08-23T02:46:57.747+02:00,   0.353E-02, 496.41008,   0.481E+05
  99600,2021-08-23T02:47:55.156+02:00,   0.308E-02, 496.76037,   0.482E+05
  99700,2021-08-23T02:48:53.126+02:00,   0.343E-02, 497.11139,   0.483E+05
  99800,2021-08-23T02:49:50.441+02:00,   0.352E-02, 497.46313,   0.483E+05
  99900,2021-08-23T02:50:47.661+02:00,   0.381E-02, 497.81654,   0.484E+05
 100000,2021-08-23T02:51:45.650+02:00,   0.366E-02, 498.16550,   0.484E+05
 100100,2021-08-23T02:52:43.058+02:00,   0.371E-02, 498.52175,   0.485E+05
 100200,2021-08-23T02:53:40.967+02:00,   0.389E-02, 498.86873,   0.485E+05
 100300,2021-08-23T02:54:39.175+02:00,   0.326E-02, 499.22077,   0.486E+05
 100400,2021-08-23T02:55:36.990+02:00,   0.334E-02, 499.56478,   0.487E+05
 100500,2021-08-23T02:56:34.867+02:00,   0.343E-02, 499.91923,   0.487E+05
 100600,2021-08-23T02:57:32.928+02:00,   0.317E-02, 500.25880,   0.488E+05
 100700,2021-08-23T02:58:30.970+02:00,   0.358E-02, 500.60502,   0.488E+05
 100800,2021-08-23T02:59:29.135+02:00,   0.325E-02, 500.94938,   0.489E+05
 100900,2021-08-23T03:00:27.317+02:00,   0.339E-02, 501.29683,   0.489E+05
 101000,2021-08-23T03:01:25.916+02:00,   0.292E-02, 501.65707,   0.490E+05
 101100,2021-08-23T03:02:23.616+02:00,   0.377E-02, 502.00501,   0.491E+05
 101200,2021-08-23T03:03:21.858+02:00,   0.332E-02, 502.34650,   0.491E+05
 101300,2021-08-23T03:04:19.709+02:00,   0.313E-02, 502.70676,   0.492E+05
 101400,2021-08-23T03:05:17.735+02:00,   0.306E-02, 503.05110,   0.492E+05
 101500,2021-08-23T03:06:15.209+02:00,   0.340E-02, 503.39970,   0.493E+05
 101600,2021-08-23T03:07:13.240+02:00,   0.361E-02, 503.74225,   0.494E+05
 101700,2021-08-23T03:08:11.719+02:00,   0.368E-02, 504.08324,   0.494E+05
 101800,2021-08-23T03:09:09.649+02:00,   0.359E-02, 504.42901,   0.495E+05
 101900,2021-08-23T03:10:07.905+02:00,   0.340E-02, 504.78855,   0.495E+05
 102000,2021-08-23T03:11:05.766+02:00,   0.352E-02, 505.13521,   0.496E+05
 102100,2021-08-23T03:12:03.648+02:00,   0.340E-02, 505.48892,   0.496E+05
 102200,2021-08-23T03:13:01.363+02:00,   0.316E-02, 505.84702,   0.497E+05
 102300,2021-08-23T03:13:59.017+02:00,   0.384E-02, 506.19348,   0.498E+05
 102400,2021-08-23T03:14:57.195+02:00,   0.389E-02, 506.54711,   0.498E+05
 102500,2021-08-23T03:15:55.104+02:00,   0.291E-02, 506.88296,   0.499E+05
 102600,2021-08-23T03:16:53.380+02:00,   0.337E-02, 507.22884,   0.499E+05
 102700,2021-08-23T03:17:51.409+02:00,   0.359E-02, 507.57737,   0.500E+05
 102800,2021-08-23T03:18:49.620+02:00,   0.324E-02, 507.92586,   0.500E+05
 102900,2021-08-23T03:19:47.657+02:00,   0.335E-02, 508.27336,   0.501E+05
 103000,2021-08-23T03:20:45.362+02:00,   0.335E-02, 508.63133,   0.502E+05
 103100,2021-08-23T03:21:43.014+02:00,   0.368E-02, 508.98649,   0.502E+05
 103200,2021-08-23T03:22:41.052+02:00,   0.290E-02, 509.33269,   0.503E+05
 103300,2021-08-23T03:23:39.437+02:00,   0.325E-02, 509.68021,   0.503E+05
 103400,2021-08-23T03:24:37.454+02:00,   0.335E-02, 510.02003,   0.504E+05
 103500,2021-08-23T03:25:35.074+02:00,   0.354E-02, 510.38066,   0.505E+05
 103600,2021-08-23T03:26:33.341+02:00,   0.335E-02, 510.72766,   0.505E+05
 103700,2021-08-23T03:27:31.202+02:00,   0.379E-02, 511.08951,   0.506E+05
 103800,2021-08-23T03:28:29.931+02:00,   0.321E-02, 511.43286,   0.506E+05
 103900,2021-08-23T03:29:27.565+02:00,   0.348E-02, 511.78947,   0.507E+05
 104000,2021-08-23T03:30:25.664+02:00,   0.366E-02, 512.14069,   0.507E+05
 104100,2021-08-23T03:31:23.975+02:00,   0.352E-02, 512.48984,   0.508E+05
 104200,2021-08-23T03:32:21.397+02:00,   0.311E-02, 512.83927,   0.509E+05
 104300,2021-08-23T03:33:18.974+02:00,   0.320E-02, 513.18799,   0.509E+05
 104400,2021-08-23T03:34:16.334+02:00,   0.359E-02, 513.53309,   0.510E+05
 104500,2021-08-23T03:35:13.898+02:00,   0.365E-02, 513.88437,   0.510E+05
 104600,2021-08-23T03:36:12.146+02:00,   0.358E-02, 514.22743,   0.511E+05
 104700,2021-08-23T03:37:09.549+02:00,   0.383E-02, 514.58022,   0.511E+05
 104800,2021-08-23T03:38:07.301+02:00,   0.364E-02, 514.93277,   0.512E+05
 104900,2021-08-23T03:39:04.966+02:00,   0.346E-02, 515.27882,   0.513E+05
 105000,2021-08-23T03:40:02.845+02:00,   0.388E-02, 515.62339,   0.513E+05
 105100,2021-08-23T03:41:00.188+02:00,   0.374E-02, 515.98342,   0.514E+05
 105200,2021-08-23T03:41:57.790+02:00,   0.332E-02, 516.34024,   0.514E+05
 105300,2021-08-23T03:42:58.330+02:00,   0.291E-02, 516.68384,   0.515E+05
 105400,2021-08-23T03:43:56.475+02:00,   0.344E-02, 517.03324,   0.515E+05
 105500,2021-08-23T03:44:54.857+02:00,   0.296E-02, 517.37791,   0.516E+05
 105600,2021-08-23T03:45:52.569+02:00,   0.302E-02, 517.72623,   0.517E+05
 105700,2021-08-23T03:46:51.041+02:00,   0.344E-02, 518.08153,   0.517E+05
 105800,2021-08-23T03:47:49.256+02:00,   0.366E-02, 518.43166,   0.518E+05
 105900,2021-08-23T03:48:47.703+02:00,   0.333E-02, 518.78444,   0.518E+05
 106000,2021-08-23T03:49:46.178+02:00,   0.350E-02, 519.12776,   0.519E+05
 106100,2021-08-23T03:50:44.500+02:00,   0.380E-02, 519.46626,   0.520E+05
 106200,2021-08-23T03:51:43.340+02:00,   0.360E-02, 519.80576,   0.520E+05
 106300,2021-08-23T03:52:41.812+02:00,   0.347E-02, 520.14242,   0.521E+05
 106400,2021-08-23T03:53:40.745+02:00,   0.397E-02, 520.49557,   0.521E+05
 106500,2021-08-23T03:54:39.214+02:00,   0.359E-02, 520.84788,   0.522E+05
 106600,2021-08-23T03:55:37.090+02:00,   0.349E-02, 521.19927,   0.522E+05
 106700,2021-08-23T03:56:35.202+02:00,   0.343E-02, 521.55158,   0.523E+05
 106800,2021-08-23T03:57:32.967+02:00,   0.370E-02, 521.90366,   0.524E+05
 106900,2021-08-23T03:58:31.273+02:00,   0.354E-02, 522.25870,   0.524E+05
 107000,2021-08-23T03:59:29.141+02:00,   0.391E-02, 522.61730,   0.525E+05
 107100,2021-08-23T04:00:27.266+02:00,   0.356E-02, 522.96794,   0.525E+05
 107200,2021-08-23T04:01:25.118+02:00,   0.327E-02, 523.31914,   0.526E+05
 107300,2021-08-23T04:02:22.387+02:00,   0.324E-02, 523.66116,   0.527E+05
 107400,2021-08-23T04:03:20.719+02:00,   0.369E-02, 524.01709,   0.527E+05
 107500,2021-08-23T04:04:18.343+02:00,   0.343E-02, 524.37872,   0.528E+05
 107600,2021-08-23T04:05:16.375+02:00,   0.320E-02, 524.72195,   0.528E+05
 107700,2021-08-23T04:06:14.310+02:00,   0.378E-02, 525.07728,   0.529E+05
 107800,2021-08-23T04:07:11.616+02:00,   0.319E-02, 525.42630,   0.529E+05
 107900,2021-08-23T04:08:08.884+02:00,   0.365E-02, 525.77983,   0.530E+05
 108000,2021-08-23T04:09:06.475+02:00,   0.294E-02, 526.12935,   0.531E+05
 108100,2021-08-23T04:10:03.698+02:00,   0.361E-02, 526.47976,   0.531E+05
 108200,2021-08-23T04:11:01.171+02:00,   0.379E-02, 526.82179,   0.532E+05
 108300,2021-08-23T04:11:58.460+02:00,   0.363E-02, 527.16580,   0.532E+05
 108400,2021-08-23T04:12:56.333+02:00,   0.363E-02, 527.51771,   0.533E+05
 108500,2021-08-23T04:13:53.965+02:00,   0.354E-02, 527.86623,   0.533E+05
 108600,2021-08-23T04:14:51.642+02:00,   0.375E-02, 528.21720,   0.534E+05
 108700,2021-08-23T04:15:49.522+02:00,   0.394E-02, 528.56129,   0.535E+05
 108800,2021-08-23T04:16:47.350+02:00,   0.406E-02, 528.91468,   0.535E+05
 108900,2021-08-23T04:17:45.123+02:00,   0.320E-02, 529.25731,   0.536E+05
 109000,2021-08-23T04:18:42.700+02:00,   0.333E-02, 529.60524,   0.536E+05
 109100,2021-08-23T04:19:40.796+02:00,   0.312E-02, 529.94819,   0.537E+05
 109200,2021-08-23T04:20:39.507+02:00,   0.293E-02, 530.29777,   0.537E+05
 109300,2021-08-23T04:21:36.994+02:00,   0.369E-02, 530.64900,   0.538E+05
 109400,2021-08-23T04:22:34.796+02:00,   0.352E-02, 530.99778,   0.539E+05
 109500,2021-08-23T04:23:33.105+02:00,   0.386E-02, 531.34036,   0.539E+05
 109600,2021-08-23T04:24:31.492+02:00,   0.350E-02, 531.69152,   0.540E+05
 109700,2021-08-23T04:25:29.058+02:00,   0.357E-02, 532.04058,   0.540E+05
 109800,2021-08-23T04:26:27.538+02:00,   0.360E-02, 532.39830,   0.541E+05
 109900,2021-08-23T04:27:24.742+02:00,   0.357E-02, 532.74922,   0.542E+05
 110000,2021-08-23T04:28:22.603+02:00,   0.378E-02, 533.11125,   0.542E+05
 110100,2021-08-23T04:29:20.895+02:00,   0.366E-02, 533.46538,   0.543E+05
 110200,2021-08-23T04:30:18.708+02:00,   0.339E-02, 533.80735,   0.543E+05
 110300,2021-08-23T04:31:16.821+02:00,   0.327E-02, 534.16856,   0.544E+05
 110400,2021-08-23T04:32:14.152+02:00,   0.363E-02, 534.52068,   0.544E+05
 110500,2021-08-23T04:33:12.327+02:00,   0.387E-02, 534.86949,   0.545E+05
 110600,2021-08-23T04:34:10.573+02:00,   0.348E-02, 535.22177,   0.546E+05
 110700,2021-08-23T04:35:07.965+02:00,   0.363E-02, 535.57118,   0.546E+05
 110800,2021-08-23T04:36:06.349+02:00,   0.336E-02, 535.92218,   0.547E+05
 110900,2021-08-23T04:37:03.922+02:00,   0.368E-02, 536.27001,   0.547E+05
 111000,2021-08-23T04:38:02.136+02:00,   0.373E-02, 536.61257,   0.548E+05
 111100,2021-08-23T04:38:59.912+02:00,   0.311E-02, 536.96102,   0.548E+05
 111200,2021-08-23T04:39:57.938+02:00,   0.291E-02, 537.31483,   0.549E+05
 111300,2021-08-23T04:40:55.618+02:00,   0.327E-02, 537.66381,   0.550E+05
 111400,2021-08-23T04:41:52.432+02:00,   0.376E-02, 538.02264,   0.550E+05
 111500,2021-08-23T04:42:50.261+02:00,   0.302E-02, 538.37194,   0.551E+05
 111600,2021-08-23T04:43:47.741+02:00,   0.360E-02, 538.72157,   0.551E+05
 111700,2021-08-23T04:44:45.203+02:00,   0.305E-02, 539.06149,   0.552E+05
 111800,2021-08-23T04:45:42.929+02:00,   0.386E-02, 539.40755,   0.552E+05
 111900,2021-08-23T04:46:40.139+02:00,   0.381E-02, 539.76299,   0.553E+05
 112000,2021-08-23T04:47:37.517+02:00,   0.334E-02, 540.11645,   0.554E+05
 112100,2021-08-23T04:48:34.929+02:00,   0.348E-02, 540.46715,   0.554E+05
 112200,2021-08-23T04:49:33.130+02:00,   0.354E-02, 540.80977,   0.555E+05
 112300,2021-08-23T04:50:30.766+02:00,   0.327E-02, 541.14943,   0.555E+05
 112400,2021-08-23T04:51:28.266+02:00,   0.370E-02, 541.49583,   0.556E+05
 112500,2021-08-23T04:52:26.324+02:00,   0.341E-02, 541.84590,   0.556E+05
 112600,2021-08-23T04:53:23.613+02:00,   0.328E-02, 542.19727,   0.557E+05
 112700,2021-08-23T04:54:20.802+02:00,   0.371E-02, 542.54785,   0.558E+05
 112800,2021-08-23T04:55:18.361+02:00,   0.315E-02, 542.89812,   0.558E+05
 112900,2021-08-23T04:56:15.984+02:00,   0.366E-02, 543.24872,   0.559E+05
 113000,2021-08-23T04:57:13.266+02:00,   0.364E-02, 543.59506,   0.559E+05
 113100,2021-08-23T04:58:11.238+02:00,   0.351E-02, 543.93774,   0.560E+05
 113200,2021-08-23T04:59:09.292+02:00,   0.354E-02, 544.28968,   0.560E+05
 113300,2021-08-23T05:00:07.086+02:00,   0.370E-02, 544.63646,   0.561E+05
 113400,2021-08-23T05:01:05.325+02:00,   0.339E-02, 544.98359,   0.562E+05
 113500,2021-08-23T05:02:03.247+02:00,   0.354E-02, 545.34052,   0.562E+05
 113600,2021-08-23T05:03:01.076+02:00,   0.366E-02, 545.68200,   0.563E+05
 113700,2021-08-23T05:03:59.070+02:00,   0.289E-02, 546.03969,   0.563E+05
 113800,2021-08-23T05:04:57.016+02:00,   0.322E-02, 546.38025,   0.564E+05
 113900,2021-08-23T05:05:55.313+02:00,   0.361E-02, 546.73252,   0.565E+05
 114000,2021-08-23T05:06:52.941+02:00,   0.352E-02, 547.08568,   0.565E+05
 114100,2021-08-23T05:07:51.234+02:00,   0.328E-02, 547.44028,   0.566E+05
 114200,2021-08-23T05:08:48.549+02:00,   0.299E-02, 547.79008,   0.566E+05
 114300,2021-08-23T05:09:47.071+02:00,   0.296E-02, 548.13146,   0.567E+05
 114400,2021-08-23T05:10:44.740+02:00,   0.398E-02, 548.48558,   0.567E+05
 114500,2021-08-23T05:11:42.574+02:00,   0.329E-02, 548.82955,   0.568E+05
 114600,2021-08-23T05:12:40.550+02:00,   0.360E-02, 549.17081,   0.569E+05
 114700,2021-08-23T05:13:37.955+02:00,   0.386E-02, 549.51568,   0.569E+05
 114800,2021-08-23T05:14:35.582+02:00,   0.338E-02, 549.87146,   0.570E+05
 114900,2021-08-23T05:15:33.112+02:00,   0.399E-02, 550.22676,   0.570E+05
 115000,2021-08-23T05:16:30.311+02:00,   0.360E-02, 550.58467,   0.571E+05
 115100,2021-08-23T05:17:28.278+02:00,   0.341E-02, 550.92479,   0.571E+05
 115200,2021-08-23T05:18:25.752+02:00,   0.324E-02, 551.27619,   0.572E+05
 115300,2021-08-23T05:19:23.347+02:00,   0.333E-02, 551.62512,   0.573E+05
 115400,2021-08-23T05:20:20.972+02:00,   0.313E-02, 551.96731,   0.573E+05
 115500,2021-08-23T05:21:18.656+02:00,   0.377E-02, 552.31303,   0.574E+05
 115600,2021-08-23T05:22:15.986+02:00,   0.391E-02, 552.66393,   0.574E+05
 115700,2021-08-23T05:23:13.298+02:00,   0.368E-02, 553.01374,   0.575E+05
 115800,2021-08-23T05:24:11.328+02:00,   0.355E-02, 553.35778,   0.575E+05
 115900,2021-08-23T05:25:08.985+02:00,   0.300E-02, 553.71624,   0.576E+05
 116000,2021-08-23T05:26:06.469+02:00,   0.333E-02, 554.07072,   0.577E+05
 116100,2021-08-23T05:27:03.635+02:00,   0.321E-02, 554.41335,   0.577E+05
 116200,2021-08-23T05:28:00.986+02:00,   0.387E-02, 554.77420,   0.578E+05
 116300,2021-08-23T05:28:58.513+02:00,   0.392E-02, 555.12792,   0.578E+05
 116400,2021-08-23T05:29:56.263+02:00,   0.344E-02, 555.47652,   0.579E+05
 116500,2021-08-23T05:30:54.121+02:00,   0.348E-02, 555.82492,   0.579E+05
 116600,2021-08-23T05:31:51.585+02:00,   0.342E-02, 556.17282,   0.580E+05
 116700,2021-08-23T05:32:49.357+02:00,   0.345E-02, 556.52635,   0.581E+05
 116800,2021-08-23T05:33:46.749+02:00,   0.343E-02, 556.87981,   0.581E+05
 116900,2021-08-23T05:34:43.416+02:00,   0.382E-02, 557.24038,   0.582E+05
 117000,2021-08-23T05:35:41.159+02:00,   0.358E-02, 557.58262,   0.582E+05
 117100,2021-08-23T05:36:38.056+02:00,   0.363E-02, 557.93897,   0.583E+05
 117200,2021-08-23T05:37:35.418+02:00,   0.320E-02, 558.28531,   0.583E+05
 117300,2021-08-23T05:38:32.965+02:00,   0.331E-02, 558.63266,   0.584E+05
 117400,2021-08-23T05:39:29.860+02:00,   0.367E-02, 558.98870,   0.585E+05
 117500,2021-08-23T05:40:27.296+02:00,   0.374E-02, 559.33969,   0.585E+05
 117600,2021-08-23T05:41:24.808+02:00,   0.323E-02, 559.69497,   0.586E+05
 117700,2021-08-23T05:42:21.791+02:00,   0.384E-02, 560.05465,   0.586E+05
 117800,2021-08-23T05:43:18.992+02:00,   0.361E-02, 560.40744,   0.587E+05
 117900,2021-08-23T05:44:16.091+02:00,   0.310E-02, 560.75033,   0.587E+05
 118000,2021-08-23T05:45:13.522+02:00,   0.381E-02, 561.09239,   0.588E+05
 118100,2021-08-23T05:46:10.779+02:00,   0.327E-02, 561.43715,   0.589E+05
 118200,2021-08-23T05:47:08.216+02:00,   0.339E-02, 561.78853,   0.589E+05
 118300,2021-08-23T05:48:05.352+02:00,   0.356E-02, 562.13791,   0.590E+05
 118400,2021-08-23T05:49:02.592+02:00,   0.360E-02, 562.48008,   0.590E+05
 118500,2021-08-23T05:50:00.091+02:00,   0.353E-02, 562.83276,   0.591E+05
 118600,2021-08-23T05:50:57.159+02:00,   0.390E-02, 563.17575,   0.591E+05
 118700,2021-08-23T05:51:54.706+02:00,   0.386E-02, 563.52583,   0.592E+05
 118800,2021-08-23T05:52:51.970+02:00,   0.377E-02, 563.87729,   0.593E+05
 118900,2021-08-23T05:53:49.739+02:00,   0.336E-02, 564.23150,   0.593E+05
 119000,2021-08-23T05:54:47.212+02:00,   0.383E-02, 564.58711,   0.594E+05
 119100,2021-08-23T05:55:45.398+02:00,   0.340E-02, 564.92789,   0.594E+05
 119200,2021-08-23T05:56:43.818+02:00,   0.337E-02, 565.27130,   0.595E+05
 119300,2021-08-23T05:57:41.265+02:00,   0.322E-02, 565.62170,   0.596E+05
 119400,2021-08-23T05:58:39.211+02:00,   0.358E-02, 565.97126,   0.596E+05
 119500,2021-08-23T05:59:36.767+02:00,   0.319E-02, 566.31346,   0.597E+05
 119600,2021-08-23T06:00:34.451+02:00,   0.350E-02, 566.67262,   0.597E+05
 119700,2021-08-23T06:01:32.057+02:00,   0.360E-02, 567.02585,   0.598E+05
 119800,2021-08-23T06:02:29.563+02:00,   0.335E-02, 567.37490,   0.598E+05
 119900,2021-08-23T06:03:27.686+02:00,   0.332E-02, 567.72035,   0.599E+05
 120000,2021-08-23T06:04:25.542+02:00,   0.340E-02, 568.06934,   0.600E+05
 120100,2021-08-23T06:05:23.260+02:00,   0.367E-02, 568.41793,   0.600E+05
 120200,2021-08-23T06:06:21.023+02:00,   0.336E-02, 568.76772,   0.601E+05
 120300,2021-08-23T06:07:19.463+02:00,   0.374E-02, 569.11326,   0.601E+05
 120400,2021-08-23T06:08:18.122+02:00,   0.314E-02, 569.45437,   0.602E+05
 120500,2021-08-23T06:09:15.730+02:00,   0.346E-02, 569.80293,   0.602E+05
 120600,2021-08-23T06:10:14.243+02:00,   0.333E-02, 570.15901,   0.603E+05
 120700,2021-08-23T06:11:11.987+02:00,   0.390E-02, 570.50472,   0.604E+05
 120800,2021-08-23T06:12:09.904+02:00,   0.369E-02, 570.86745,   0.604E+05
 120900,2021-08-23T06:13:08.065+02:00,   0.341E-02, 571.21923,   0.605E+05
 121000,2021-08-23T06:14:05.348+02:00,   0.353E-02, 571.57573,   0.605E+05
 121100,2021-08-23T06:15:03.596+02:00,   0.391E-02, 571.92186,   0.606E+05
 121200,2021-08-23T06:16:01.475+02:00,   0.328E-02, 572.27941,   0.607E+05
 121300,2021-08-23T06:16:59.303+02:00,   0.340E-02, 572.63450,   0.607E+05
 121400,2021-08-23T06:17:56.473+02:00,   0.321E-02, 572.98059,   0.608E+05
 121500,2021-08-23T06:18:53.992+02:00,   0.322E-02, 573.32180,   0.608E+05
 121600,2021-08-23T06:19:51.958+02:00,   0.309E-02, 573.68039,   0.609E+05
 121700,2021-08-23T06:20:49.222+02:00,   0.364E-02, 574.02800,   0.609E+05
 121800,2021-08-23T06:21:47.344+02:00,   0.338E-02, 574.36427,   0.610E+05
 121900,2021-08-23T06:22:44.603+02:00,   0.351E-02, 574.71710,   0.611E+05
 122000,2021-08-23T06:23:42.625+02:00,   0.386E-02, 575.06686,   0.611E+05
 122100,2021-08-23T06:24:40.962+02:00,   0.339E-02, 575.41686,   0.612E+05
 122200,2021-08-23T06:25:38.924+02:00,   0.321E-02, 575.75933,   0.612E+05
 122300,2021-08-23T06:26:37.367+02:00,   0.339E-02, 576.10780,   0.613E+05
 122400,2021-08-23T06:27:35.541+02:00,   0.352E-02, 576.45047,   0.613E+05
 122500,2021-08-23T06:28:33.435+02:00,   0.372E-02, 576.80753,   0.614E+05
 122600,2021-08-23T06:29:31.129+02:00,   0.355E-02, 577.15741,   0.615E+05
 122700,2021-08-23T06:30:29.894+02:00,   0.332E-02, 577.50243,   0.615E+05
 122800,2021-08-23T06:31:28.309+02:00,   0.358E-02, 577.84270,   0.616E+05
 122900,2021-08-23T06:32:26.616+02:00,   0.369E-02, 578.19148,   0.616E+05
 123000,2021-08-23T06:33:25.377+02:00,   0.364E-02, 578.54387,   0.617E+05
 123100,2021-08-23T06:34:23.474+02:00,   0.359E-02, 578.89235,   0.617E+05
 123200,2021-08-23T06:35:21.960+02:00,   0.321E-02, 579.23871,   0.618E+05
 123300,2021-08-23T06:36:20.427+02:00,   0.310E-02, 579.57670,   0.619E+05
 123400,2021-08-23T06:37:18.653+02:00,   0.321E-02, 579.93264,   0.619E+05
 123500,2021-08-23T06:38:17.189+02:00,   0.250E-02, 580.27866,   0.620E+05
 123600,2021-08-23T06:39:15.181+02:00,   0.335E-02, 580.63884,   0.620E+05
 123700,2021-08-23T06:40:13.119+02:00,   0.363E-02, 580.99196,   0.621E+05
 123800,2021-08-23T06:41:11.094+02:00,   0.355E-02, 581.33511,   0.622E+05
 123900,2021-08-23T06:42:10.094+02:00,   0.313E-02, 581.67848,   0.622E+05
 124000,2021-08-23T06:43:08.346+02:00,   0.373E-02, 582.03109,   0.623E+05
 124100,2021-08-23T06:44:06.375+02:00,   0.334E-02, 582.37913,   0.623E+05
 124200,2021-08-23T06:45:05.465+02:00,   0.367E-02, 582.72939,   0.624E+05
 124300,2021-08-23T06:46:03.831+02:00,   0.356E-02, 583.07857,   0.624E+05
 124400,2021-08-23T06:47:02.482+02:00,   0.357E-02, 583.42880,   0.625E+05
 124500,2021-08-23T06:48:00.804+02:00,   0.314E-02, 583.77093,   0.626E+05
 124600,2021-08-23T06:48:59.747+02:00,   0.371E-02, 584.11654,   0.626E+05
 124700,2021-08-23T06:49:58.725+02:00,   0.362E-02, 584.46617,   0.627E+05
 124800,2021-08-23T06:50:56.872+02:00,   0.390E-02, 584.81870,   0.627E+05
 124900,2021-08-23T06:51:55.984+02:00,   0.324E-02, 585.16911,   0.628E+05
 125000,2021-08-23T06:52:53.992+02:00,   0.345E-02, 585.51053,   0.629E+05
 125100,2021-08-23T06:53:52.930+02:00,   0.327E-02, 585.85671,   0.629E+05
 125200,2021-08-23T06:54:50.913+02:00,   0.324E-02, 586.20759,   0.630E+05
 125300,2021-08-23T06:55:48.398+02:00,   0.338E-02, 586.55806,   0.630E+05
 125400,2021-08-23T06:56:46.835+02:00,   0.355E-02, 586.90883,   0.631E+05
 125500,2021-08-23T06:57:44.875+02:00,   0.327E-02, 587.26271,   0.631E+05
 125600,2021-08-23T06:58:43.530+02:00,   0.360E-02, 587.61281,   0.632E+05
 125700,2021-08-23T06:59:41.630+02:00,   0.356E-02, 587.97592,   0.633E+05
 125800,2021-08-23T07:00:40.015+02:00,   0.334E-02, 588.32505,   0.633E+05
 125900,2021-08-23T07:01:39.792+02:00,   0.356E-02, 588.66897,   0.634E+05
 126000,2021-08-23T07:02:38.401+02:00,   0.348E-02, 589.02616,   0.634E+05
 126100,2021-08-23T07:03:37.010+02:00,   0.364E-02, 589.38457,   0.635E+05
 126200,2021-08-23T07:04:35.658+02:00,   0.367E-02, 589.73391,   0.636E+05
 126300,2021-08-23T07:05:34.629+02:00,   0.375E-02, 590.08225,   0.636E+05
 126400,2021-08-23T07:06:33.334+02:00,   0.354E-02, 590.43291,   0.637E+05
 126500,2021-08-23T07:07:31.466+02:00,   0.361E-02, 590.77862,   0.637E+05
 126600,2021-08-23T07:08:30.664+02:00,   0.389E-02, 591.13292,   0.638E+05
 126700,2021-08-23T07:09:28.470+02:00,   0.356E-02, 591.48960,   0.638E+05
 126800,2021-08-23T07:10:26.555+02:00,   0.363E-02, 591.85115,   0.639E+05
 126900,2021-08-23T07:11:24.954+02:00,   0.383E-02, 592.19934,   0.640E+05
 127000,2021-08-23T07:12:23.244+02:00,   0.329E-02, 592.55276,   0.640E+05
 127100,2021-08-23T07:13:21.725+02:00,   0.365E-02, 592.89465,   0.641E+05
 127200,2021-08-23T07:14:19.771+02:00,   0.324E-02, 593.24138,   0.641E+05
 127300,2021-08-23T07:15:17.811+02:00,   0.338E-02, 593.58450,   0.642E+05
 127400,2021-08-23T07:16:15.689+02:00,   0.309E-02, 593.92750,   0.643E+05
 127500,2021-08-23T07:17:13.775+02:00,   0.374E-02, 594.27490,   0.643E+05
 127600,2021-08-23T07:18:11.700+02:00,   0.318E-02, 594.61772,   0.644E+05
 127700,2021-08-23T07:19:09.277+02:00,   0.351E-02, 594.96081,   0.644E+05
 127800,2021-08-23T07:20:07.522+02:00,   0.366E-02, 595.30797,   0.645E+05
 127900,2021-08-23T07:21:04.879+02:00,   0.313E-02, 595.66432,   0.645E+05
 128000,2021-08-23T07:22:03.267+02:00,   0.350E-02, 596.01279,   0.646E+05
 128100,2021-08-23T07:23:00.902+02:00,   0.350E-02, 596.36362,   0.647E+05
 128200,2021-08-23T07:23:59.204+02:00,   0.344E-02, 596.70474,   0.647E+05
 128300,2021-08-23T07:24:57.392+02:00,   0.341E-02, 597.05955,   0.648E+05
 128400,2021-08-23T07:25:55.249+02:00,   0.322E-02, 597.40442,   0.648E+05
 128500,2021-08-23T07:26:53.219+02:00,   0.373E-02, 597.76314,   0.649E+05
 128600,2021-08-23T07:27:51.129+02:00,   0.329E-02, 598.10945,   0.649E+05
 128700,2021-08-23T07:28:48.930+02:00,   0.318E-02, 598.45268,   0.650E+05
 128800,2021-08-23T07:29:46.666+02:00,   0.362E-02, 598.79720,   0.651E+05
 128900,2021-08-23T07:30:44.399+02:00,   0.312E-02, 599.14626,   0.651E+05
 129000,2021-08-23T07:31:42.422+02:00,   0.298E-02, 599.48626,   0.652E+05
 129100,2021-08-23T07:32:40.094+02:00,   0.328E-02, 599.83846,   0.652E+05
 129148,2021-08-23T07:33:07.941+02:00,   0.106E-02, 600.00000,   0.653E+05
